fsm, mapping, replan, sfc, mpc, df, total, 
3.698e-06, 0, 0, 0, 0.000647901, 3.395e-06, 0.000655417, 
2.034e-06, 0, 0, 0, 0.000452159, 1.878e-06, 0.000456424, 
2.896e-06, 0, 0, 0, 0.000535074, 1.656e-06, 0.000540043, 
1.561e-06, 0, 0, 0, 0.000357092, 1.506e-06, 0.000360596, 
5.004e-06, 0, 0, 0, 0.000960457, 1.2342e-05, 0.000978692, 
3.653e-06, 0, 0, 0, 0.000582993, 2.916e-06, 0.000590068, 
1.967e-06, 0, 0, 0, 0.000357792, 2.342e-06, 0.000362395, 
2.807e-06, 0, 0, 0, 0.000534478, 2.364e-06, 0.000540385, 
4.192e-06, 0, 0, 0, 0.000524632, 1.7174e-05, 0.000546397, 
8.923e-06, 0, 0, 0, 0.000368006, 1.596e-06, 0.000378751, 
2.353e-06, 0, 0, 0, 0.000353314, 1.554e-06, 0.00035752, 
2.485e-06, 0, 0, 0, 0.00038877, 2.471e-06, 0.00039402, 
2.858e-06, 0, 0, 0, 0.000368001, 1.877e-06, 0.000372903, 
4.268e-06, 0, 0, 0, 0.000532861, 1.7548e-05, 0.000555103, 
2.529e-06, 0, 0, 0, 0.000329266, 8.918e-06, 0.000341038, 
3.761e-06, 0, 0, 0, 0.000395689, 2.048e-06, 0.00040176, 
2.708e-06, 0, 0, 0, 0.000341226, 1.0443e-05, 0.000354654, 
3e-06, 0, 0, 0, 0.000510423, 1.512e-05, 0.000528945, 
3.718e-06, 0, 0, 0, 0.000589792, 9.485e-06, 0.000603471, 
3.396e-06, 0, 0, 0, 0.00140457, 7.027e-06, 0.00141557, 
2.598e-06, 0, 0, 0, 0.000422934, 2.245e-06, 0.000428024, 
2.284e-06, 0, 0, 0, 0.000371001, 2.653e-06, 0.00037618, 
2.584e-06, 0, 0, 0, 0.00033735, 2.5e-06, 0.000342729, 
1.96e-06, 0, 0, 0, 0.000348453, 2.311e-06, 0.000352984, 
2.357e-06, 0, 0, 0, 0.000335814, 1.0984e-05, 0.000349332, 
3.657e-06, 0, 0, 0, 0.000391077, 2.566e-06, 0.000397588, 
1.943e-06, 0, 0, 0, 0.000348212, 1.618e-06, 0.000351938, 
2.036e-06, 0, 0, 0, 0.000349739, 2.103e-06, 0.000354446, 
2.133e-06, 0, 0, 0, 0.000335502, 8.527e-06, 0.000346403, 
2.34e-06, 0, 0, 0, 0.000369553, 2.196e-06, 0.000374715, 
1.919e-06, 0, 0, 0, 0.000336443, 1.514e-06, 0.000340115, 
2.129e-06, 0, 0, 0, 0.000375522, 1.1367e-05, 0.000389317, 
2.14e-06, 0, 0, 0, 0.000328498, 1.1003e-05, 0.00034188, 
1.934e-06, 0, 0, 0, 0.000332434, 1.0428e-05, 0.000345133, 
2.243e-06, 0, 0, 0, 0.00034206, 1.1544e-05, 0.000356115, 
4.998e-06, 0, 0, 0, 0.000569941, 1.9674e-05, 0.000595305, 
3.109e-06, 0, 0, 0, 0.000520653, 2.246e-06, 0.000526374, 
1.998e-06, 0, 0, 0, 0.000359239, 2.381e-06, 0.00036401, 
2.332e-06, 0, 0, 0, 0.000335096, 1.955e-06, 0.000339598, 
2.595e-06, 0, 0, 0, 0.000513293, 9.564e-06, 0.000525712, 
3.163e-06, 0, 0, 0, 0.000510112, 1.3921e-05, 0.000527497, 
3.184e-06, 0, 0, 0, 0.000559702, 2.837e-06, 0.000566155, 
2.174e-06, 0, 0, 0, 0.000352698, 2.809e-06, 0.000357941, 
2.678e-06, 0, 0, 0, 0.000372673, 1.0788e-05, 0.00038642, 
1.56e-06, 0, 0, 0, 0.000330055, 1.385e-06, 0.000333167, 
2.694e-06, 0, 0, 0, 0.000367299, 2.368e-06, 0.000372725, 
2.187e-06, 0, 0, 0, 0.000343498, 2.085e-06, 0.000348077, 
1.536e-06, 0, 0, 0, 0.000340506, 1.577e-06, 0.000343808, 
2.322e-06, 0, 0, 0, 0.000334927, 1.3577e-05, 0.00035113, 
2.078e-06, 0, 0, 0, 0.000417522, 1.1817e-05, 0.000431662, 
2.57e-06, 0, 0, 0, 0.000334416, 8.38e-06, 0.000345633, 
2.775e-06, 0, 0, 0, 0.000606424, 1.997e-06, 0.000611539, 
2.476e-06, 0, 0, 0, 0.000343097, 1.955e-06, 0.000347774, 
2.283e-06, 0, 0, 0, 0.000351935, 1.712e-06, 0.000356175, 
1.778e-06, 0, 0, 0, 0.000330566, 1.702e-06, 0.000334284, 
1.864e-06, 0, 0, 0, 0.000353371, 1.805e-06, 0.000357628, 
1.954e-06, 0, 0, 0, 0.000324244, 1.375e-06, 0.000327808, 
2.09e-06, 0, 0, 0, 0.000341074, 1.794e-06, 0.000345201, 
2.2e-06, 0, 0, 0, 0.000360697, 2.611e-06, 0.000365767, 
2.249e-06, 0, 0, 0, 0.000349058, 1.946e-06, 0.000353499, 
1.923e-06, 0, 0, 0, 0.000326524, 1.0543e-05, 0.000339207, 
1.473e-06, 0, 0, 0, 0.000336984, 1.745e-06, 0.000340411, 
1.953e-06, 0, 0, 0, 0.000331421, 1.1951e-05, 0.000345516, 
1.832e-06, 0, 0, 0, 0.000332207, 1.325e-06, 0.000335547, 
2.27e-06, 0, 0, 0, 0.000328876, 2.082e-06, 0.000333394, 
2.556e-06, 0, 0, 0, 0.000377598, 1.5835e-05, 0.000396345, 
2.207e-06, 0, 0, 0, 0.000256876, 1.484e-06, 0.000260756, 
1.869e-06, 0, 0, 0, 0.000252369, 1.833e-06, 0.000256296, 
2.322e-06, 0, 0, 0, 0.000271106, 1.1626e-05, 0.000285321, 
2.137e-06, 0, 0, 0, 0.000261685, 1.1206e-05, 0.000275304, 
1.542e-06, 0, 0, 0, 0.000342727, 1.834e-06, 0.000346392, 
1.599e-06, 0, 0, 0, 0.000268652, 1.692e-06, 0.000272158, 
2.232e-06, 0, 0, 0, 0.000273293, 1.724e-06, 0.000277484, 
1.825e-06, 0, 0, 0, 0.000254213, 1.164e-06, 0.000257727, 
1.612e-06, 0, 0, 0, 0.000244001, 1.22e-06, 0.000247061, 
2.272e-06, 0, 0, 0, 0.00027287, 1.698e-06, 0.000277073, 
2.845e-06, 0, 0, 0, 0.000384341, 2.134e-06, 0.00038968, 
1.98e-06, 0, 0, 0, 0.000353943, 1.07e-05, 0.000366791, 
3.444e-06, 0, 0, 0, 0.000423325, 4.009e-06, 0.000431099, 
2.354e-06, 0, 0, 0, 0.000370343, 1.0159e-05, 0.000383244, 
1.823e-06, 0, 0, 0, 0.000248759, 1.547e-06, 0.00025238, 
1.643e-06, 0, 0, 0, 0.000257493, 9.926e-06, 0.000269353, 
2.352e-06, 0, 0, 0, 0.000294917, 1.2681e-05, 0.000310214, 
1.511e-06, 0, 0, 0, 0.000250271, 1.681e-06, 0.00025376, 
1.713e-06, 0, 0, 0, 0.000243026, 1.352e-06, 0.000246279, 
2.293e-06, 0, 0, 0, 0.000287426, 3.246e-06, 0.000293489, 
2.927e-06, 0, 0, 0, 0.000387349, 1.903e-06, 0.000392802, 
2.82e-06, 0, 0, 0, 0.000580221, 2.048e-06, 0.000585487, 
2.246e-06, 0, 0, 0, 0.000277135, 4.489e-06, 0.000284184, 
2.097e-06, 0, 0, 0, 0.000515815, 2.226e-06, 0.000520501, 
2.1e-06, 0, 0, 0, 0.000260589, 1.516e-06, 0.000264378, 
2.618e-06, 0, 0, 0, 0.000376974, 2.171e-06, 0.000382006, 
1.96e-06, 0, 0, 0, 0.00026647, 1.908e-06, 0.000270511, 
2.117e-06, 0, 0, 0, 0.00024663, 9.932e-06, 0.000258864, 
1.773e-06, 0, 0, 0, 0.000250878, 1.425e-06, 0.000254265, 
2.621e-06, 0, 0, 0, 0.000300345, 2.12e-06, 0.000305339, 
2.742e-06, 0, 0, 0, 0.000378386, 1.821e-06, 0.00038332, 
3.782e-06, 0, 0, 0, 0.00057461, 1.6583e-05, 0.000595718, 
4.393e-06, 0, 0, 0, 0.000434614, 2.0725e-05, 0.000460266, 
2.863e-06, 0, 0, 0, 0.000322344, 2.633e-06, 0.000328133, 
1.916e-06, 0, 0, 0, 0.000335713, 9.746e-06, 0.000347621, 
2.118e-06, 0, 0, 0, 0.000378844, 2.622e-06, 0.000383939, 
2.735e-06, 0, 0, 0, 0.000523493, 2.129e-06, 0.000528774, 
1.879e-06, 0, 0, 0, 0.000339385, 1.866e-06, 0.000343404, 
1.824e-06, 0, 0, 0, 0.000323649, 1.383e-06, 0.000327111, 
3.042e-06, 0, 0, 0, 0.000546159, 1.5561e-05, 0.000565693, 
1.98e-06, 0, 0, 0, 0.000324454, 1.601e-06, 0.000328265, 
1.821e-06, 0, 0, 0, 0.000392075, 1.482e-06, 0.000395601, 
6.947e-06, 0, 0, 0, 0.000378037, 2.466e-06, 0.000389883, 
6.512e-06, 0, 0, 0, 0.000386088, 2.266e-06, 0.000397546, 
2.31e-06, 0, 0, 0, 0.00033361, 1.3325e-05, 0.000349495, 
2.684e-06, 0, 0, 0, 0.00052005, 1.5027e-05, 0.000538106, 
1.875e-06, 0, 0, 0, 0.000342383, 1.753e-06, 0.000346333, 
1.794e-06, 0, 0, 0, 0.000338459, 1.498e-06, 0.000341978, 
1.458e-06, 0, 0, 0, 0.000323147, 1.777e-06, 0.000326641, 
1.996e-06, 0, 0, 0, 0.000469231, 2.919e-06, 0.000474576, 
1.598e-06, 0, 0, 0, 0.000313893, 1.353e-06, 0.000317072, 
1.835e-06, 0, 0, 0, 0.000332063, 2.575e-06, 0.000336719, 
3.386e-06, 0, 0, 0, 0.000696635, 1.4704e-05, 0.000715307, 
2.03e-06, 0, 0, 0, 0.000346249, 2.12e-06, 0.000350656, 
2.848e-06, 0, 0, 0, 0.000467885, 2.665e-06, 0.000473682, 
2.158e-06, 0, 0, 0, 0.000343253, 1.242e-06, 0.000346841, 
2.414e-06, 0, 0, 0, 0.000336995, 2.274e-06, 0.000342019, 
2.626e-06, 0, 0, 0, 0.000353114, 1.1691e-05, 0.000367807, 
2.721e-06, 0, 0, 0, 0.00034766, 1.1491e-05, 0.000362178, 
3.515e-06, 0, 0, 0, 0.00050971, 1.5585e-05, 0.000529143, 
1.805e-06, 0, 0, 0, 0.000358859, 2.013e-06, 0.000362998, 
1.912e-06, 0, 0, 0, 0.000364594, 2.219e-06, 0.000368944, 
2.817e-06, 0, 0, 0, 0.000719536, 3.637e-06, 0.000726489, 
9.26e-06, 0, 0, 0, 0.000479441, 2.989e-06, 0.000492222, 
1.985e-06, 0, 0, 0, 0.000323366, 1.6e-06, 0.000327108, 
3.089e-06, 0, 0, 0, 0.000642006, 2.254e-06, 0.000647636, 
2.492e-06, 0, 0, 0, 0.000346457, 1.816e-06, 0.000351004, 
3.034e-06, 0, 0, 0, 0.00108496, 2.881e-06, 0.00109133, 
2.692e-06, 0, 0, 0, 0.000499533, 2.637e-06, 0.000505262, 
2.123e-06, 0, 0, 0, 0.000347116, 1.2439e-05, 0.000361909, 
1.798e-06, 0, 0, 0, 0.000335177, 1.374e-06, 0.000338599, 
2.007e-06, 0, 0, 0, 0.000456645, 2.206e-06, 0.000461173, 
1.2337e-05, 0, 0, 0, 0.000481579, 3.108e-06, 0.000497418, 
2.86e-06, 0, 0, 0, 0.00049147, 1.2677e-05, 0.000507502, 
2.663e-06, 0, 0, 0, 0.000562813, 2.1436e-05, 0.000587416, 
3.453e-06, 0, 0, 0, 0.000634518, 1.1357e-05, 0.000649758, 
2.437e-06, 0, 0, 0, 0.000338999, 1.996e-06, 0.000343676, 
2.602e-06, 0, 0, 0, 0.000505784, 2.329e-06, 0.000511027, 
2.389e-06, 0, 0, 0, 0.00048977, 1.952e-06, 0.000494397, 
3.035e-06, 0, 0, 0, 0.00071375, 3.245e-06, 0.000720655, 
1.7579e-05, 0, 0, 0, 0.000584012, 2.411e-06, 0.000604517, 
1.807e-06, 0, 0, 0, 0.000660464, 1.2134e-05, 0.000674717, 
3.001e-06, 0.165023, 0, 0, 0.000497849, 2.583e-06, 0.000503801, 
3.08e-06, 0, 0, 0, 0.000516928, 2.533e-06, 0.000522859, 
3.985e-06, 0, 0, 0, 0.000286518, 2.043e-06, 0.000292817, 
1.814e-06, 0, 0, 0, 0.000278433, 1.458e-06, 0.000281923, 
1.985e-06, 0, 0, 0, 0.000320214, 1.676e-06, 0.000324255, 
2.869e-06, 0, 0, 0, 0.000402751, 2.515e-06, 0.000408449, 
1.642e-06, 0, 0, 0, 0.000266943, 1.827e-06, 0.000270629, 
3.222e-06, 0, 0, 0, 0.000402373, 2.487e-06, 0.000408532, 
1.906e-06, 0, 0, 0, 0.000268501, 1.958e-06, 0.000272644, 
2.538e-06, 0.0869616, 0, 0, 0.000552107, 2.132e-06, 0.000557211, 
3.772e-06, 0, 0, 0, 0.000587326, 3.063e-06, 0.00059449, 
2.184e-06, 0, 0, 0, 0.00028311, 1.2267e-05, 0.000297883, 
2.63e-06, 0, 0, 0, 0.000354672, 1.4681e-05, 0.000372309, 
2.062e-06, 0, 0, 0, 0.000279524, 1.1144e-05, 0.000292994, 
2.06e-06, 0.0443365, 0, 0, 0.000274923, 1.965e-06, 0.00027922, 
2.71e-06, 0, 0, 0, 0.000390378, 2.899e-06, 0.000396382, 
2.905e-06, 0, 0, 0, 0.000387826, 2.542e-06, 0.000393604, 
2.506e-06, 0, 0, 0, 0.000340697, 2.978e-06, 0.00034647, 
1.958e-06, 0, 0, 0, 0.000252211, 9.536e-06, 0.000263987, 
2.554e-06, 0.0533861, 0, 0, 0.000381488, 2.052e-06, 0.000386647, 
2.177e-06, 0, 0, 0, 0.000274498, 2.189e-06, 0.000279112, 
2.223e-06, 0, 0, 0, 0.00036959, 3.0192e-05, 0.000402356, 
1.666e-06, 0, 0, 0, 0.00025825, 1.2502e-05, 0.000272598, 
2.81e-06, 0, 0, 0, 0.000368811, 1.1812e-05, 0.000383704, 
3.072e-06, 0, 0, 0, 0.000398263, 1.3405e-05, 0.000415065, 
3.022e-06, 0.0260366, 0, 0, 0.00040802, 2.837e-06, 0.000414281, 
2.361e-06, 0, 0, 0, 0.000374007, 1.742e-06, 0.000378328, 
3.361e-06, 0, 0, 0, 0.000392866, 3.775e-06, 0.000400711, 
2.397e-06, 0, 0, 0, 0.000374498, 2.831e-06, 0.000380214, 
2.421e-06, 0, 0, 0, 0.000347129, 1.819e-06, 0.000351603, 
2.162e-06, 0, 0, 0, 0.000364582, 2.073e-06, 0.000369032, 
1.918e-06, 0, 0, 0, 0.000273103, 2.401e-06, 0.000277735, 
1.754e-06, 0, 0, 0, 0.000245037, 1.33e-06, 0.000248656, 
2.608e-06, 0, 0, 0, 0.000376376, 2.563e-06, 0.000381816, 
4.026e-06, 0.029084, 0, 0, 0.000305876, 1.8156e-05, 0.000328469, 
2.665e-06, 0, 0, 0, 0.000389068, 2.578e-06, 0.000394655, 
2.901e-06, 0, 0, 0, 0.000338955, 1.3793e-05, 0.000356036, 
2.958e-06, 0, 0, 0, 0.000422741, 2.353e-06, 0.000428505, 
2.35e-06, 0, 0, 0, 0.000363285, 2.293e-06, 0.000368202, 
2.146e-06, 0, 0, 0, 0.000367152, 1.805e-06, 0.000371483, 
2.434e-06, 0, 0, 0, 0.000282289, 1.5301e-05, 0.000300303, 
2.065e-06, 0, 0, 0, 0.000270631, 1.1517e-05, 0.000284395, 
2.633e-06, 0, 0, 0, 0.000342542, 1.1519e-05, 0.000357066, 
1.336e-06, 0, 0, 0, 0.000269368, 1.579e-06, 0.000272433, 
1.3114e-05, 0.026835, 0, 0, 0.000414788, 2.232e-06, 0.000430899, 
2.716e-06, 0, 0, 0, 0.000398693, 2.312e-06, 0.000404019, 
1.869e-06, 0, 0, 0, 0.000270826, 2.341e-06, 0.000275387, 
2.354e-06, 0, 0, 0, 0.000344409, 4.3893e-05, 0.000391034, 
3.189e-06, 0, 0, 0, 0.000386668, 1.6202e-05, 0.000406453, 
2.667e-06, 0, 0, 0, 0.000386524, 2.638e-06, 0.000392329, 
4.536e-06, 0, 0, 0, 0.00522687, 2.456e-06, 0.00523423, 
2.93e-06, 0, 0, 0, 0.000389309, 1.431e-06, 0.000393918, 
2.211e-06, 0, 0, 0, 0.000304601, 9.475e-06, 0.000316479, 
4.352e-06, 0, 0, 0, 0.000801754, 2.909e-06, 0.000809369, 
5.065e-06, 0, 0, 0, 0.000583535, 3.35e-06, 0.000592525, 
3.334e-06, 0, 0, 0, 0.000411137, 2.296e-06, 0.000417186, 
2.113e-06, 0.0269761, 0, 0, 0.000388366, 2.612e-06, 0.000393661, 
2.476e-06, 0, 0, 0, 0.000383177, 2.466e-06, 0.000388527, 
2.511e-06, 0, 0, 0, 0.000363, 1.796e-06, 0.00036773, 
3.446e-06, 0, 0, 0, 0.000379598, 2.8e-06, 0.000386198, 
3.251e-06, 0, 0, 0, 0.000376617, 3.266e-06, 0.000383612, 
1.826e-06, 0, 0, 0, 0.000291437, 1.2819e-05, 0.000306401, 
2.939e-06, 0, 0, 0, 0.000382916, 2.49e-06, 0.000389012, 
1.863e-06, 0.0115828, 0, 0, 0.000271938, 1.0119e-05, 0.000284116, 
9.362e-06, 0, 0, 0, 0.000257766, 1.553e-06, 0.000268921, 
3.465e-06, 0, 0, 0, 0.000538079, 2.855e-06, 0.000544825, 
3.848e-06, 0, 0, 0, 0.000684984, 3.131e-06, 0.000692423, 
4.576e-06, 0, 0, 0, 0.000672645, 3.106e-06, 0.000680939, 
1.841e-06, 0, 0, 0, 0.000307111, 2.599e-06, 0.000311879, 
1.674e-06, 0, 0, 0, 0.000290236, 2.144e-06, 0.000294385, 
2.439e-06, 0, 0, 0, 0.000367101, 2.447e-06, 0.000372386, 
2.63e-06, 0, 0, 0, 0.000460568, 2.738e-06, 0.000466305, 
2.866e-06, 0, 0, 0, 0.000276442, 1.804e-06, 0.000281385, 
2.007e-06, 0, 0, 0, 0.000286827, 1.5148e-05, 0.000304242, 
2.096e-06, 0, 0, 0, 0.000255005, 4.3403e-05, 0.00030079, 
2.032e-06, 0.0239706, 0, 0, 0.000673348, 1.773e-06, 0.000677558, 
2.523e-06, 0, 0, 0, 0.000384597, 1.913e-06, 0.000389316, 
2.168e-06, 0, 0, 0, 0.000275633, 1.1456e-05, 0.000289509, 
2.059e-06, 0, 0, 0, 0.000359174, 2.036e-06, 0.000363637, 
2.207e-06, 0, 0, 0, 0.00034768, 1.687e-06, 0.000351866, 
3.15e-06, 0, 0, 0, 0.000399211, 2.405e-06, 0.000405113, 
3.472e-06, 0, 0, 0, 0.000382663, 2.379e-06, 0.000388799, 
1.845e-06, 0.0105362, 0, 0, 0.000263864, 9.023e-06, 0.000274922, 
2.824e-06, 0, 0, 0, 0.000470626, 2.134e-06, 0.000475911, 
2.01e-06, 0, 0, 0, 0.000259872, 1.905e-06, 0.000264017, 
2.97e-06, 0, 0, 0, 0.000386514, 2.516e-06, 0.000392326, 
2.597e-06, 0, 0, 0, 0.000384346, 2.543e-06, 0.000389709, 
2.69e-06, 0, 0, 0, 0.000482336, 2.344e-06, 0.000487757, 
2.698e-06, 0, 0, 0, 0.000385706, 2.712e-06, 0.000391578, 
2.491e-06, 0, 0, 0, 0.000454256, 1.655e-06, 0.000458671, 
2.825e-06, 0, 0, 0, 0.000308555, 3.5746e-05, 0.000347766, 
1.715e-06, 0, 0, 0, 0.00026554, 1.0459e-05, 0.000277952, 
1.878e-06, 0, 0, 0, 0.000259971, 1.648e-06, 0.000263689, 
2.511e-06, 0.0214888, 0, 0, 0.000327266, 1.285e-05, 0.000342905, 
4.493e-06, 0, 0, 0, 0.00053334, 2.417e-06, 0.000540833, 
4.63e-06, 0, 0, 0, 0.000769674, 2.778e-06, 0.000777607, 
3.499e-06, 0, 0, 0, 0.000592587, 3.207e-06, 0.0006, 
4.025e-06, 0, 0, 0, 0.000631278, 2.758e-06, 0.000638539, 
2.828e-06, 0, 0, 0, 0.000541574, 2.285e-06, 0.00054698, 
2.342e-06, 0, 0, 0, 0.000365565, 1.731e-06, 0.000369864, 
2.827e-06, 0, 0, 0, 0.000389591, 1.6872e-05, 0.000409666, 
1.1711e-05, 0, 0, 0, 0.000272329, 1.811e-06, 0.000286853, 
2.724e-06, 0, 0, 0, 0.000384613, 1.445e-05, 0.000402092, 
1.447e-06, 0, 0, 0, 0.000266866, 1.128e-05, 0.000279829, 
3.218e-06, 0.0191055, 0, 0, 0.000453337, 3.232e-06, 0.000460097, 
2.604e-06, 0, 0, 0, 0.000383147, 1.3135e-05, 0.000399202, 
1.901e-06, 0, 0, 0, 0.000308802, 1.941e-06, 0.000312973, 
2.203e-06, 0, 0, 0, 0.000310716, 1.84e-06, 0.000315035, 
2.057e-06, 0, 0, 0, 0.000370053, 1.5316e-05, 0.000387792, 
2.58e-06, 0, 0, 0, 0.000353857, 2.189e-06, 0.000358895, 
9.875e-06, 0, 0, 0, 0.00050141, 2.563e-06, 0.000516707, 
1.955e-06, 0, 0, 0, 0.000271847, 1.92e-06, 0.000275959, 
1.536e-06, 0.00842127, 0, 0, 0.000265647, 1.653e-06, 0.000269066, 
1.584e-06, 0, 0, 0, 0.000257095, 1.607e-06, 0.000260481, 
3.787e-06, 0, 0, 0, 0.000284201, 2.432e-06, 0.00029064, 
2.884e-06, 0, 0, 0, 0.000397831, 2.107e-06, 0.000403145, 
2.025e-06, 0, 0, 0, 0.00026128, 1.467e-06, 0.000265017, 
3.217e-06, 0, 0, 0, 0.000367756, 2.613e-06, 0.000373863, 
1.961e-06, 0, 0, 0, 0.000346054, 1.599e-06, 0.000349907, 
1.699e-06, 0, 0, 0, 0.000520817, 1.487e-06, 0.000524382, 
3.965e-06, 0, 0, 0, 0.000712086, 3.486e-06, 0.000720022, 
2.028e-06, 0, 0, 0, 0.000261144, 1.0776e-05, 0.000274135, 
1.557e-06, 0.0195876, 0, 0, 0.000244695, 2.037e-06, 0.000248507, 
1.2716e-05, 0, 0, 0, 0.000290197, 2.388e-06, 0.000305975, 
2.854e-06, 0, 0, 0, 0.000414992, 2.089e-06, 0.000420298, 
4.888e-06, 0, 0, 0, 0.000774769, 4.179e-06, 0.000784612, 
3.436e-06, 0, 0, 0, 0.00055296, 3.099e-06, 0.000560165, 
3.777e-06, 0, 0, 0, 0.000383766, 1.968e-06, 0.000389942, 
3.043e-06, 0, 0, 0, 0.00038438, 1.903e-06, 0.000389642, 
2.167e-06, 0, 0, 0, 0.000343984, 1.545e-06, 0.000348031, 
2.153e-06, 0, 0, 0, 0.000290112, 3.048e-06, 0.000295682, 
2.549e-06, 0, 0, 0, 0.000400201, 2.33e-06, 0.000405467, 
1.985e-06, 0, 0, 0, 0.000266434, 1.825e-06, 0.000270407, 
1.769e-06, 0.017318, 0, 0, 0.000273832, 1.919e-06, 0.000277683, 
2.307e-06, 0, 0, 0, 0.000292736, 1.798e-06, 0.000297172, 
2.712e-06, 0, 0, 0, 0.000410568, 2.214e-06, 0.000415803, 
2.54e-06, 0, 0, 0, 0.000379869, 1.953e-06, 0.000384666, 
3.281e-06, 0, 0, 0, 0.000311335, 2.687e-06, 0.000317621, 
2.559e-06, 0, 0, 0, 0.000379473, 2.094e-06, 0.000384547, 
1.825e-06, 0, 0, 0, 0.000299571, 1.844e-06, 0.000303442, 
2.275e-06, 0, 0, 0, 0.00028132, 2.174e-06, 0.00028602, 
2.055e-06, 0, 0, 0, 0.000269084, 1.1638e-05, 0.000282968, 
1.783e-06, 0.00671632, 0, 0, 0.000293719, 1.916e-06, 0.000297618, 
1.752e-06, 0, 0, 0, 0.00026751, 2.267e-06, 0.000271736, 
2.396e-06, 0, 0, 0, 0.000248815, 1.1266e-05, 0.000262644, 
3.139e-06, 0, 0, 0, 0.000391797, 2.147e-06, 0.000397421, 
3.138e-06, 0, 0, 0, 0.000386808, 1.4363e-05, 0.000404625, 
2.754e-06, 0, 0, 0, 0.000402014, 2.86e-06, 0.000407986, 
2.411e-06, 0, 0, 0, 0.000293687, 2.656e-06, 0.000299114, 
2.397e-06, 0, 0, 0, 0.000412725, 2.162e-06, 0.000417621, 
3.321e-06, 0, 0, 0, 0.000409922, 2.593e-06, 0.000416329, 
2.999e-06, 0, 0, 0, 0.00037956, 1.3685e-05, 0.000396548, 
3.068e-06, 0, 0, 0, 0.000364433, 3.212e-06, 0.00037104, 
4.833e-06, 0, 0, 0, 0.000707045, 7.358e-06, 0.000720097, 
2.025e-06, 0, 0, 0, 0.000331881, 1.965e-06, 0.000336101, 
2.428e-06, 0, 0, 0, 0.000395149, 2.111e-06, 0.000399986, 
2.215e-06, 0.0236796, 0, 0, 0.000392494, 2.564e-06, 0.000397536, 
2.904e-06, 0, 0, 0, 0.000424953, 1.7086e-05, 0.000445419, 
2.657e-06, 0, 0, 0, 0.000364596, 2.566e-06, 0.000370118, 
1.911e-06, 0, 0, 0, 0.000265596, 1.397e-06, 0.000269229, 
2.974e-06, 0, 0, 0, 0.000383153, 2.305e-06, 0.000388718, 
2.833e-06, 0, 0, 0, 0.000278259, 2.04e-06, 0.000283428, 
2.323e-06, 0.00544269, 0, 0, 0.000373651, 2.384e-06, 0.000378634, 
1.6677e-05, 0, 0, 0, 0.000273881, 1.692e-06, 0.000292467, 
2.295e-06, 0, 0, 0, 0.000464024, 2.976e-06, 0.000469651, 
5.08e-06, 0, 0, 0, 0.000534587, 1.9169e-05, 0.000559398, 
3.832e-06, 0, 0, 0, 0.000642574, 2.319e-06, 0.000649151, 
3.609e-06, 0, 0, 0, 0.00048122, 2.6e-06, 0.000487816, 
2.989e-06, 0, 0, 0, 0.000312322, 1.856e-06, 0.000317431, 
2.389e-06, 0, 0, 0, 0.000392147, 1.97e-06, 0.000396902, 
2.951e-06, 0, 0, 0, 0.000370838, 2.646e-06, 0.000376747, 
1.914e-06, 0, 0, 0, 0.000337403, 2.594e-06, 0.000342255, 
1.334e-06, 0, 0, 0, 0.000267436, 1.654e-06, 0.000270604, 
1.1011e-05, 0, 0, 0, 0.0002875, 1.7109e-05, 0.0003158, 
3.211e-06, 0.017162, 0, 0, 0.000490008, 1.726e-06, 0.000495332, 
5.326e-06, 0, 0, 0, 0.000906807, 4.464e-06, 0.00091726, 
3.435e-06, 0, 0, 0, 0.000565963, 2.761e-06, 0.000572639, 
3.248e-06, 0, 0, 0, 0.00052839, 3.743e-06, 0.000535919, 
2.529e-06, 0, 0, 0, 0.000662914, 1.942e-06, 0.000667711, 
1.998e-06, 0, 0, 0, 0.000355078, 1.325e-05, 0.000370677, 
3.298e-06, 0, 0, 0, 0.000375217, 2.759e-06, 0.000381603, 
1.89e-06, 0, 0, 0, 0.000271462, 1.454e-06, 0.000275038, 
2.06e-06, 0.00598831, 0, 0, 0.000259815, 1.563e-06, 0.000263631, 
7.727e-06, 0, 0, 0, 0.000327205, 1.1612e-05, 0.000346752, 
2.71e-06, 0, 0, 0, 0.000318345, 2.132e-06, 0.000323473, 
4.063e-06, 0, 0, 0, 0.000536038, 1.0394e-05, 0.000551082, 
2.717e-06, 0, 0, 0, 0.000511675, 2.535e-06, 0.000517242, 
4.759e-06, 0, 0, 0, 0.000437417, 2.807e-06, 0.000445308, 
2.05e-06, 0, 0, 0, 0.000261063, 1.976e-06, 0.000265375, 
2.58e-06, 0, 0, 0, 0.000381266, 2.522e-06, 0.000386772, 
3.136e-06, 0, 0, 0, 0.000471315, 1.6819e-05, 0.000491673, 
2.616e-06, 0, 0, 0, 0.000382512, 3.428e-06, 0.000389129, 
1.764e-06, 0, 0, 0, 0.000279045, 2.503e-06, 0.000283534, 
3.209e-06, 0, 0, 0, 0.000449527, 1.5907e-05, 0.000469024, 
2.638e-06, 0.0166268, 0, 0, 0.000370001, 1.5533e-05, 0.000388462, 
3.608e-06, 0, 0, 0, 0.000577676, 2.903e-06, 0.000584686, 
2.069e-06, 0, 0, 0, 0.000266259, 1.138e-06, 0.00026971, 
3.133e-06, 0, 0, 0, 0.00040065, 2.656e-06, 0.000406751, 
2.3e-06, 0, 0, 0, 0.000363753, 2.311e-06, 0.000368659, 
2.003e-06, 0, 0, 0, 0.000357048, 2.675e-06, 0.000362297, 
2.24e-06, 0, 0, 0, 0.000365161, 1.731e-06, 0.000369353, 
2.077e-06, 0, 0, 0, 0.000270403, 1.1441e-05, 0.000284149, 
2.227e-06, 0.00567713, 0, 0, 0.000282132, 2.311e-06, 0.000286906, 
1.524e-06, 0, 0, 0, 0.000252876, 8.894e-06, 0.000263488, 
2.241e-06, 0, 0, 0, 0.000261274, 1.918e-06, 0.000265742, 
2.461e-06, 0, 0, 0, 0.000553514, 2.359e-06, 0.000558628, 
2.515e-06, 0, 0, 0, 0.000367153, 1.4255e-05, 0.000384351, 
3.274e-06, 0, 0, 0, 0.000473076, 1.6562e-05, 0.000493321, 
2.7e-06, 0, 0, 0, 0.000352164, 1.1196e-05, 0.000366421, 
2.684e-06, 0, 0, 0, 0.000514495, 3.197e-06, 0.00052108, 
2.428e-06, 0, 0, 0, 0.000261549, 1.1879e-05, 0.000276105, 
2.137e-06, 0, 0, 0, 0.000268973, 1.756e-06, 0.000273508, 
2.766e-06, 0, 0, 0, 0.000366355, 2.488e-06, 0.00037194, 
1.671e-06, 0, 0, 0, 0.000280252, 2.165e-06, 0.000284437, 
2.242e-06, 0.0183526, 0, 0, 0.000365843, 1.3859e-05, 0.000382255, 
6.153e-06, 0, 0, 0, 0.000678974, 3.853e-06, 0.000689715, 
3.954e-06, 0, 0, 0, 0.000621361, 1.0204e-05, 0.000636016, 
3.573e-06, 0, 0, 0, 0.000515397, 4.003e-06, 0.000523729, 
8.898e-06, 0, 0, 0, 0.000421727, 5.1653e-05, 0.000482913, 
3.266e-06, 0, 0, 0, 0.000443834, 1.8154e-05, 0.000465664, 
1.0417e-05, 0, 0, 0, 0.00421006, 2.481e-06, 0.00422354, 
2.103e-06, 0, 0, 0, 0.000354107, 4.1185e-05, 0.000397982, 
3.027e-06, 0, 0, 0, 0.000408607, 2.44e-06, 0.000414415, 
2.339e-06, 0, 0, 0, 0.000384559, 3.34e-06, 0.000390575, 
2.736e-06, 0, 0, 0, 0.000363094, 2.263e-06, 0.000368416, 
2.222e-06, 0, 0, 0, 0.00026559, 1.67e-06, 0.00026972, 
1.736e-06, 0, 0, 0, 0.000254836, 1.1662e-05, 0.000268556, 
3.258e-06, 0.0161628, 0, 0, 0.000420663, 2.792e-06, 0.000427119, 
2.634e-06, 0, 0, 0, 0.000388722, 3.9386e-05, 0.000431113, 
1.712e-06, 0, 0, 0, 0.00026621, 1.388e-06, 0.000269488, 
3.384e-06, 0, 0, 0, 0.000320473, 3.023e-06, 0.000327302, 
2.024e-06, 0, 0, 0, 0.000292445, 2.15e-06, 0.000296907, 
2.364e-06, 0, 0, 0, 0.000258459, 1.627e-06, 0.000262713, 
2.473e-06, 0.00481099, 0, 0, 0.000289897, 2.942e-06, 0.000295587, 
1.801e-06, 0, 0, 0, 0.00026598, 2.46e-06, 0.000270543, 
2.885e-06, 0, 0, 0, 0.000303281, 2.877e-06, 0.000309315, 
2.602e-06, 0, 0, 0, 0.000450791, 1.815e-06, 0.000455548, 
2.861e-06, 0, 0, 0, 0.000417037, 4.9438e-05, 0.00046996, 
2.202e-06, 0, 0, 0, 0.000259842, 1.1275e-05, 0.000273491, 
2.001e-06, 0, 0, 0, 0.000354065, 2.72e-06, 0.000359034, 
2.561e-06, 0, 0, 0, 0.000368534, 2.53e-06, 0.000373927, 
2.232e-06, 0, 0, 0, 0.0002717, 1.826e-06, 0.000276009, 
2.105e-06, 0, 0, 0, 0.000279601, 1.811e-06, 0.000283703, 
1.958e-06, 0.0164955, 0, 0, 0.000337397, 2.54e-06, 0.000342201, 
4.023e-06, 0, 0, 0, 0.000716283, 4.342e-06, 0.000725177, 
2.894e-06, 0, 0, 0, 0.000498935, 2.44e-06, 0.00050474, 
2.536e-06, 0, 0, 0, 0.000382136, 1.838e-06, 0.000386837, 
2.354e-06, 0, 0, 0, 0.000298697, 2.222e-06, 0.000303505, 
2.183e-06, 0, 0, 0, 0.00031831, 1.657e-06, 0.000322415, 
2.17e-06, 0, 0, 0, 0.000429315, 1.673e-06, 0.000433475, 
4.666e-06, 0, 0, 0, 0.0003864, 4.536e-06, 0.000395935, 
4.745e-06, 0, 0, 0, 0.00044633, 1.5749e-05, 0.000467293, 
3.177e-06, 0, 0, 0, 0.000382258, 3.065e-06, 0.000388871, 
2.354e-06, 0, 0, 0, 0.000379304, 2.594e-06, 0.000384529, 
2.007e-06, 0, 0, 0, 0.000292588, 1.2806e-05, 0.000307831, 
2.816e-06, 0.0167309, 0, 0, 0.000409417, 2.123e-06, 0.000414645, 
2.251e-06, 0, 0, 0, 0.000387305, 2.332e-06, 0.000392188, 
2.635e-06, 0, 0, 0, 0.000367476, 3.051e-06, 0.000373609, 
2.183e-06, 0, 0, 0, 0.000269027, 1.721e-06, 0.000273177, 
2.424e-06, 0, 0, 0, 0.000360399, 1.872e-06, 0.000364992, 
2.001e-06, 0, 0, 0, 0.00030291, 1.1717e-05, 0.000316957, 
1.908e-06, 0, 0, 0, 0.000275849, 1.635e-06, 0.000279738, 
1.677e-06, 0.00462677, 0, 0, 0.000254809, 9.669e-06, 0.000266354, 
4.117e-06, 0, 0, 0, 0.000259867, 1.163e-06, 0.000265323, 
2.403e-06, 0, 0, 0, 0.000297803, 1.4561e-05, 0.000315038, 
2.335e-06, 0, 0, 0, 0.000384352, 1.996e-06, 0.000388976, 
2.353e-06, 0, 0, 0, 0.000267056, 1.51e-06, 0.000271159, 
3.154e-06, 0, 0, 0, 0.00038634, 2.829e-06, 0.000392628, 
2.089e-06, 0, 0, 0, 0.000353023, 4.0297e-05, 0.000395982, 
2.015e-06, 0, 0, 0, 0.000361027, 1.535e-06, 0.000364837, 
3.54e-06, 0, 0, 0, 0.000315888, 2.355e-06, 0.000322112, 
2.077e-06, 0, 0, 0, 0.00026693, 2.58e-06, 0.000271813, 
1.506e-06, 0, 0, 0, 0.000246437, 1.1391e-05, 0.00025959, 
3.421e-06, 0.0171015, 0, 0, 0.000300688, 2.565e-06, 0.000306995, 
2.874e-06, 0, 0, 0, 0.000383974, 2.735e-06, 0.000389825, 
1.774e-06, 0, 0, 0, 0.00030684, 2.062e-06, 0.000311025, 
1.968e-06, 0, 0, 0, 0.000262456, 1.414e-06, 0.00026609, 
2.896e-06, 0, 0, 0, 0.000373429, 2.473e-06, 0.000379085, 
2.036e-06, 0, 0, 0, 0.000257146, 1.0717e-05, 0.0002702, 
1.777e-06, 0, 0, 0, 0.000347429, 7.024e-06, 0.00035652, 
2.404e-06, 0, 0, 0, 0.000612611, 3.227e-06, 0.000618664, 
2.132e-06, 0.00624689, 0, 0, 0.00025463, 1.116e-05, 0.000268197, 
1.625e-06, 0, 0, 0, 0.000254446, 1.897e-06, 0.000258255, 
2.152e-06, 0, 0, 0, 0.000342666, 2.302e-06, 0.000347419, 
3.318e-06, 0, 0, 0, 0.000480882, 3.661e-06, 0.000488341, 
6.258e-06, 0, 0, 0, 0.000895892, 3.751e-06, 0.000906641, 
4.032e-06, 0, 0, 0, 0.000742793, 3.132e-06, 0.000750559, 
4.124e-06, 0, 0, 0, 0.000643973, 3.002e-06, 0.000651591, 
3.355e-06, 0, 0, 0, 0.000367604, 2.453e-06, 0.000373674, 
2.479e-06, 0, 0, 0, 0.000399799, 2.558e-06, 0.000405327, 
3.075e-06, 0, 0, 0, 0.000374005, 3.067e-06, 0.000380453, 
2.464e-06, 0, 0, 0, 0.000275758, 1.1171e-05, 0.000289698, 
2.125e-06, 0, 0, 0, 0.000270081, 1.3488e-05, 0.000286126, 
3.231e-06, 0, 0, 0, 0.000511648, 2.197e-06, 0.000517594, 
2.468e-06, 0, 0, 0, 0.000268332, 1.0951e-05, 0.000281995, 
3.889e-06, 0.0187792, 0, 0, 0.000597919, 2.614e-06, 0.000604874, 
2.697e-06, 0, 0, 0, 0.000303798, 1.2269e-05, 0.000319057, 
3.001e-06, 0, 0, 0, 0.000341993, 1.2947e-05, 0.000358371, 
2.242e-06, 0, 0, 0, 0.000356747, 2.344e-06, 0.000361639, 
2.125e-06, 0, 0, 0, 0.00034949, 2.193e-06, 0.000354092, 
3.722e-06, 0, 0, 0, 0.000517283, 3.351e-06, 0.000524828, 
2.626e-06, 0, 0, 0, 0.000391919, 2.288e-06, 0.000397111, 
1.847e-06, 0.00495553, 0, 0, 0.000263839, 1.1708e-05, 0.000277656, 
1.582e-06, 0, 0, 0, 0.000261197, 1.54e-06, 0.000264467, 
3.173e-06, 0, 0, 0, 0.000421176, 2.891e-06, 0.000427681, 
3.423e-06, 0, 0, 0, 0.000397229, 2.684e-06, 0.00040364, 
2.135e-06, 0, 0, 0, 0.000385847, 2.38e-06, 0.000390694, 
3.009e-06, 0, 0, 0, 0.00039535, 2.357e-06, 0.000401045, 
1.947e-06, 0, 0, 0, 0.000266776, 2.039e-06, 0.000270974, 
3.008e-06, 0, 0, 0, 0.00035979, 1.942e-06, 0.000365044, 
3.301e-06, 0, 0, 0, 0.000395389, 3.179e-06, 0.000402184, 
2.151e-06, 0, 0, 0, 0.000275475, 2.293e-06, 0.000280216, 
2.052e-06, 0, 0, 0, 0.00035038, 2.65e-06, 0.000355421, 
2.844e-06, 0.0168384, 0, 0, 0.000468343, 2.032e-06, 0.000473636, 
1.805e-06, 0, 0, 0, 0.000248105, 1.474e-06, 0.00025161, 
2.697e-06, 0, 0, 0, 0.000385881, 2.556e-06, 0.0003916, 
2.007e-06, 0, 0, 0, 0.000426221, 1.7256e-05, 0.000445894, 
3.463e-06, 0, 0, 0, 0.000376728, 2.749e-06, 0.00038324, 
1.848e-06, 0, 0, 0, 0.000283847, 1.3045e-05, 0.000299296, 
2.471e-06, 0, 0, 0, 0.000375859, 2.197e-06, 0.000380844, 
2.693e-06, 0, 0, 0, 0.000581819, 2.274e-06, 0.000587085, 
2.694e-06, 0, 0, 0, 0.000401537, 2.796e-06, 0.000407437, 
2.326e-06, 0, 0, 0, 0.00036583, 3.116e-06, 0.000371516, 
1.887e-06, 0, 0, 0, 0.000277943, 2.086e-06, 0.0002821, 
3.331e-06, 0.0162393, 0, 0, 0.000284724, 1.2933e-05, 0.00030121, 
2.82e-06, 0, 0, 0, 0.000414141, 2.546e-06, 0.00042007, 
3.137e-06, 0, 0, 0, 0.000465481, 2.223e-06, 0.000471114, 
2.494e-06, 0, 0, 0, 0.000318942, 1.938e-06, 0.000323677, 
9.146e-06, 0, 0, 0, 0.000408224, 2.421e-06, 0.000420104, 
2.424e-06, 0, 0, 0, 0.00042163, 8.3536e-05, 0.000510317, 
2.144e-06, 0, 0, 0, 0.000314691, 1.892e-06, 0.000318955, 
1.969e-06, 0, 0, 0, 0.000391031, 7.855e-06, 0.0004012, 
1.889e-06, 0.00529615, 0, 0, 0.000279888, 1.736e-06, 0.000283718, 
2.286e-06, 0, 0, 0, 0.00049283, 1.7397e-05, 0.000512871, 
4.475e-06, 0, 0, 0, 0.000821495, 3.826e-06, 0.00083022, 
4.539e-06, 0, 0, 0, 0.00128698, 3.506e-06, 0.0012957, 
4.177e-06, 0, 0, 0, 0.00067449, 2.34e-06, 0.000681407, 
4.765e-06, 0, 0, 0, 0.00061686, 3.653e-06, 0.000625696, 
4.009e-06, 0, 0, 0, 0.000714696, 2.633e-06, 0.000721711, 
1.64e-06, 0, 0, 0, 0.000320999, 1.595e-06, 0.00032451, 
2.447e-06, 0, 0, 0, 0.000417294, 2.711e-06, 0.000422778, 
2.635e-06, 0, 0, 0, 0.000371247, 3.716e-06, 0.000378126, 
3.15e-06, 0, 0, 0, 0.000391209, 2.807e-06, 0.00039742, 
1.906e-06, 0, 0, 0, 0.000268356, 1.3435e-05, 0.000283871, 
2.151e-06, 0.0166106, 0, 0, 0.000443395, 1.618e-06, 0.000447363, 
2.921e-06, 0, 0, 0, 0.000431315, 2.663e-06, 0.000437258, 
2.313e-06, 0, 0, 0, 0.000381969, 1.553e-06, 0.000386147, 
4.07e-06, 0, 0, 0, 0.00037458, 2.722e-06, 0.000381798, 
2.268e-06, 0, 0, 0, 0.000407613, 2.197e-06, 0.000412371, 
3.402e-06, 0, 0, 0, 0.00037899, 2.315e-06, 0.000385099, 
5.165e-06, 0, 0, 0, 0.000434943, 3.899e-06, 0.000444536, 
1.581e-06, 0, 0, 0, 0.000282859, 1.1717e-05, 0.000296431, 
1.929e-06, 0.00547492, 0, 0, 0.000280036, 1.729e-06, 0.000283937, 
1.823e-06, 0, 0, 0, 0.000290495, 2.338e-06, 0.000295036, 
2.244e-06, 0, 0, 0, 0.000326874, 2.513e-06, 0.000331951, 
2.741e-06, 0, 0, 0, 0.000406615, 5.0615e-05, 0.000460401, 
2.736e-06, 0, 0, 0, 0.000384842, 1.805e-06, 0.000389673, 
2.359e-06, 0, 0, 0, 0.000318226, 3.161e-06, 0.000324108, 
2.417e-06, 0, 0, 0, 0.00036055, 2.02e-06, 0.000365319, 
1.953e-06, 0, 0, 0, 0.000350772, 1.992e-06, 0.000355294, 
2.731e-06, 0, 0, 0, 0.000443361, 3.3405e-05, 0.0004798, 
2.491e-06, 0, 0, 0, 0.000267209, 1.1094e-05, 0.000281115, 
1.908e-06, 0, 0, 0, 0.000295822, 2.586e-06, 0.000300683, 
2.555e-06, 0.0161677, 0, 0, 0.000393414, 2.355e-06, 0.000398637, 
3.367e-06, 0, 0, 0, 0.000505011, 2.625e-06, 0.000511409, 
4.344e-06, 0, 0, 0, 0.000792905, 3.442e-06, 0.000801331, 
3.778e-06, 0, 0, 0, 0.000703986, 0.00036571, 0.00107405, 
3.407e-06, 0, 0, 0, 0.000557003, 6.2386e-05, 0.000623478, 
2.345e-06, 0, 0, 0, 0.000349674, 1.2188e-05, 0.000364411, 
2.521e-06, 0, 0, 0, 0.000382876, 5.095e-06, 0.000390794, 
3.21e-06, 0, 0, 0, 0.00050871, 1.2503e-05, 0.000524749, 
2.437e-06, 0, 0, 0, 0.000311349, 2.379e-06, 0.000316779, 
1.726e-06, 0, 0, 0, 0.000254121, 1.433e-06, 0.000257518, 
1.929e-06, 0, 0, 0, 0.000287426, 2.092e-06, 0.000291612, 
2.049e-06, 0.0158238, 0, 0, 0.000260871, 2.617e-06, 0.000265778, 
2.641e-06, 0, 0, 0, 0.000402471, 2.118e-06, 0.000407557, 
2.447e-06, 0, 0, 0, 0.000381249, 1.927e-06, 0.000385907, 
2.044e-06, 0, 0, 0, 0.000286944, 2.318e-06, 0.000291588, 
2.25e-06, 0, 0, 0, 0.000365965, 1.928e-06, 0.000370478, 
2.122e-06, 0, 0, 0, 0.000363375, 2.01e-06, 0.000367992, 
2.329e-06, 0, 0, 0, 0.000315997, 1.714e-06, 0.000320433, 
2.259e-06, 0, 0, 0, 0.000306152, 1.998e-06, 0.000310582, 
2.263e-06, 0.00504208, 0, 0, 0.000279663, 1.2082e-05, 0.000294207, 
3.686e-06, 0, 0, 0, 0.000687633, 2.385e-06, 0.000694103, 
2.343e-06, 0, 0, 0, 0.000375003, 2.488e-06, 0.000380109, 
2.68e-06, 0, 0, 0, 0.000381984, 2.457e-06, 0.000387525, 
2.386e-06, 0, 0, 0, 0.000421918, 3.281e-06, 0.0004281, 
3.442e-06, 0, 0, 0, 0.000489021, 5.9796e-05, 0.00055296, 
2.317e-06, 0, 0, 0, 0.000389947, 1.343e-06, 0.000393857, 
2.038e-06, 0, 0, 0, 0.000361072, 2.022e-06, 0.000365403, 
2.345e-06, 0, 0, 0, 0.000272011, 1.4746e-05, 0.000289362, 
1.1913e-05, 0, 0, 0, 0.000270453, 1.754e-06, 0.000284362, 
1.712e-06, 0, 0, 0, 0.000299045, 1.577e-06, 0.000302528, 
3.351e-06, 0.0160088, 0, 0, 0.000531903, 2.362e-06, 0.000537904, 
1.765e-06, 0, 0, 0, 0.000268372, 2.2073e-05, 0.000292749, 
2.415e-06, 0, 0, 0, 0.000419649, 2.633e-06, 0.000425125, 
2.432e-06, 0, 0, 0, 0.000333321, 1.3143e-05, 0.000349188, 
2.811e-06, 0, 0, 0, 0.000354814, 2.586e-06, 0.000360591, 
2.903e-06, 0, 0, 0, 0.000435082, 3.301e-06, 0.000441681, 
2.409e-06, 0, 0, 0, 0.000374582, 2.317e-06, 0.000379704, 
3.192e-06, 0, 0, 0, 0.000293963, 2.516e-06, 0.00029993, 
2.147e-06, 0, 0, 0, 0.000314312, 2.728e-06, 0.000319579, 
1.808e-06, 0.00467959, 0, 0, 0.000263814, 1.518e-06, 0.000267346, 
1.511e-06, 0, 0, 0, 0.000248572, 9.587e-06, 0.000259844, 
3.168e-06, 0, 0, 0, 0.000346506, 1.981e-06, 0.000351899, 
2.713e-06, 0, 0, 0, 0.000399173, 2.366e-06, 0.000404565, 
3.412e-06, 0, 0, 0, 0.000450183, 1.5198e-05, 0.000469174, 
2.962e-06, 0, 0, 0, 0.000389969, 2.876e-06, 0.000396078, 
1.928e-06, 0, 0, 0, 0.000342947, 2.263e-06, 0.000347424, 
2.768e-06, 0, 0, 0, 0.000664854, 1.56e-06, 0.000669398, 
2.805e-06, 0, 0, 0, 0.000388059, 1.4942e-05, 0.000406182, 
2.264e-06, 0, 0, 0, 0.000275875, 1.811e-06, 0.000280183, 
2.074e-06, 0.0163155, 0, 0, 0.000289866, 1.91e-06, 0.000294058, 
3.068e-06, 0, 0, 0, 0.000572935, 2.588e-06, 0.000578959, 
4.547e-06, 0, 0, 0, 0.000617456, 2.971e-06, 0.000625416, 
5.679e-06, 0, 0, 0, 0.000742593, 2.8283e-05, 0.000777118, 
6.403e-06, 0, 0, 0, 0.00119216, 4.935e-06, 0.00120433, 
5.459e-06, 0, 0, 0, 0.000888687, 4.669e-06, 0.000899636, 
4.438e-06, 0, 0, 0, 0.000770845, 3.337e-06, 0.000779199, 
3.412e-06, 0, 0, 0, 0.000549824, 3.031e-06, 0.000556773, 
9.794e-06, 0, 0, 0, 0.000377307, 3.159e-06, 0.000390601, 
1.933e-06, 0, 0, 0, 0.000298253, 1.2634e-05, 0.000313229, 
1.876e-06, 0, 0, 0, 0.000360151, 1.688e-06, 0.000364007, 
2.499e-06, 0, 0, 0, 0.000365166, 1.1701e-05, 0.000379601, 
2.101e-06, 0, 0, 0, 0.000266066, 1.622e-06, 0.00027011, 
2.047e-06, 0, 0, 0, 0.000266864, 2.307e-06, 0.00027146, 
3.004e-06, 0.0161604, 0, 0, 0.000566889, 2.552e-06, 0.000572823, 
3.403e-06, 0, 0, 0, 0.000411277, 2.457e-06, 0.000417486, 
2.298e-06, 0, 0, 0, 0.000263372, 2.246e-06, 0.000268148, 
2.322e-06, 0, 0, 0, 0.000361821, 1.705e-06, 0.000366071, 
1.0558e-05, 0, 0, 0, 0.000489717, 8.176e-06, 0.000509224, 
2.195e-06, 0, 0, 0, 0.00029773, 2.748e-06, 0.000302959, 
2.624e-06, 0, 0, 0, 0.000296841, 1.1972e-05, 0.000312488, 
1.756e-06, 0.0064342, 0, 0, 0.000282414, 1.3341e-05, 0.000297692, 
2.137e-06, 0, 0, 0, 0.000315367, 1.63e-06, 0.000319383, 
3.182e-06, 0, 0, 0, 0.000509408, 2.556e-06, 0.000515535, 
1.877e-06, 0, 0, 0, 0.000298251, 1.217e-05, 0.000312704, 
2.341e-06, 0, 0, 0, 0.00035423, 1.4807e-05, 0.000371709, 
2.405e-06, 0, 0, 0, 0.000353887, 2.101e-06, 0.000358666, 
2.487e-06, 0, 0, 0, 0.000360749, 1.986e-06, 0.000365502, 
2.416e-06, 0, 0, 0, 0.000282381, 1.754e-06, 0.000286896, 
2.883e-06, 0, 0, 0, 0.000272821, 1.2002e-05, 0.000287995, 
1.938e-06, 0, 0, 0, 0.000272499, 1.513e-06, 0.000276133, 
2.048e-06, 0.0156672, 0, 0, 0.000340269, 1.981e-06, 0.000344529, 
3.308e-06, 0, 0, 0, 0.000412137, 2.542e-06, 0.000418355, 
3.315e-06, 0, 0, 0, 0.000508691, 2.291e-06, 0.000514648, 
2.998e-06, 0, 0, 0, 0.000403429, 3.193e-06, 0.000410052, 
2.742e-06, 0, 0, 0, 0.000275363, 1.3752e-05, 0.000292115, 
2.603e-06, 0, 0, 0, 0.00046683, 2.708e-06, 0.000472762, 
2.572e-06, 0, 0, 0, 0.000389107, 2.475e-06, 0.000394594, 
4.407e-06, 0, 0, 0, 0.000450363, 2.305e-06, 0.000457394, 
1.899e-06, 0, 0, 0, 0.000273741, 1.523e-06, 0.000277417, 
1.814e-06, 0, 0, 0, 0.000266705, 1.297e-06, 0.000269994, 
1.742e-06, 0, 0, 0, 0.000275084, 1.534e-06, 0.000278517, 
1.821e-06, 0.0155123, 0, 0, 0.000276264, 1.0509e-05, 0.000288831, 
2.066e-06, 0, 0, 0, 0.00027867, 1.3992e-05, 0.000295017, 
2.959e-06, 0, 0, 0, 0.000387504, 1.3238e-05, 0.000404023, 
3.056e-06, 0, 0, 0, 0.000344605, 1.6229e-05, 0.00036424, 
2.108e-06, 0, 0, 0, 0.000386857, 2.239e-06, 0.000391532, 
1.961e-06, 0, 0, 0, 0.000581852, 1.982e-06, 0.000586051, 
2.049e-06, 0, 0, 0, 0.000353863, 6.607e-06, 0.000362778, 
2.347e-06, 0, 0, 0, 0.00027756, 1.963e-06, 0.000282111, 
1.1753e-05, 0.00458176, 0, 0, 0.000263976, 1.841e-06, 0.000278208, 
2.405e-06, 0, 0, 0, 0.000349049, 2.215e-06, 0.000353912, 
3.078e-06, 0, 0, 0, 0.000488682, 2.444e-06, 0.000494586, 
3.578e-06, 0, 0, 0, 0.000575666, 3.087e-06, 0.000582777, 
3.436e-06, 0, 0, 0, 0.000578534, 2.942e-06, 0.000585337, 
3.475e-06, 0, 0, 0, 0.000500051, 2.7e-06, 0.000506631, 
2.698e-06, 0, 0, 0, 0.000411104, 2.332e-06, 0.000416585, 
2.392e-06, 0, 0, 0, 0.000366694, 1.915e-06, 0.000371332, 
2.502e-06, 0, 0, 0, 0.00036921, 3.04e-06, 0.000375244, 
2.568e-06, 0, 0, 0, 0.000362835, 2.32e-06, 0.000368055, 
2.986e-06, 0, 0, 0, 0.000394419, 2.909e-06, 0.000400594, 
1.2448e-05, 0, 0, 0, 0.000301983, 2.292e-06, 0.000317308, 
3.623e-06, 0.0153895, 0, 0, 0.000271803, 1.2345e-05, 0.000288103, 
2.63e-06, 0, 0, 0, 0.000393378, 2.21e-06, 0.000398607, 
2.529e-06, 0, 0, 0, 0.000260241, 9.374e-06, 0.000272421, 
2.306e-06, 0, 0, 0, 0.0002913, 1.1478e-05, 0.000305322, 
2.134e-06, 0, 0, 0, 0.000355473, 2.217e-06, 0.000360183, 
2.482e-06, 0, 0, 0, 0.000364319, 1.493e-06, 0.000368528, 
2.164e-06, 0, 0, 0, 0.000263097, 1.748e-06, 0.000267242, 
2.69e-06, 0.00483007, 0, 0, 0.000275139, 2.424e-06, 0.000280653, 
1.801e-06, 0, 0, 0, 0.000250758, 1.323e-06, 0.00025411, 
1.399e-06, 0, 0, 0, 0.000267873, 1.741e-06, 0.000271304, 
2.33e-06, 0, 0, 0, 0.000286383, 2.395e-06, 0.000291408, 
3.025e-06, 0, 0, 0, 0.000606125, 2.739e-06, 0.000612533, 
2.177e-06, 0, 0, 0, 0.000357279, 2.117e-06, 0.000361807, 
2.398e-06, 0, 0, 0, 0.000389392, 1.939e-06, 0.00039409, 
2.454e-06, 0, 0, 0, 0.000391551, 1.503e-06, 0.000395821, 
2.327e-06, 0, 0, 0, 0.00034743, 1.331e-06, 0.000351416, 
2.755e-06, 0, 0, 0, 0.000342313, 2.686e-06, 0.00034798, 
2.247e-06, 0, 0, 0, 0.000290229, 9.942e-06, 0.000302669, 
2.57e-06, 0, 0, 0, 0.000295095, 2.576e-06, 0.000300537, 
2.263e-06, 0.0164769, 0, 0, 0.000276367, 1.0394e-05, 0.000289261, 
5.021e-06, 0, 0, 0, 0.00032408, 3.319e-06, 0.000332773, 
2.474e-06, 0, 0, 0, 0.000390026, 2.425e-06, 0.000395212, 
2.621e-06, 0, 0, 0, 0.000479893, 2.411e-06, 0.000485235, 
2.689e-06, 0, 0, 0, 0.000368042, 2.755e-06, 0.000373785, 
2.391e-06, 0, 0, 0, 0.000384245, 1.888e-06, 0.000388777, 
2.343e-06, 0, 0, 0, 0.000365166, 1.809e-06, 0.00036954, 
2.234e-06, 0, 0, 0, 0.000266723, 1.2841e-05, 0.000282047, 
2.838e-06, 0.00447906, 0, 0, 0.00032628, 1.905e-06, 0.000331275, 
1.557e-06, 0, 0, 0, 0.000249312, 1.103e-06, 0.000252125, 
1.673e-06, 0, 0, 0, 0.000255474, 1.412e-06, 0.000258716, 
2.198e-06, 0, 0, 0, 0.000260861, 1.943e-06, 0.000265153, 
2.731e-06, 0, 0, 0, 0.000299403, 2.129e-06, 0.000304497, 
2.218e-06, 0, 0, 0, 0.000386077, 1.843e-06, 0.000390486, 
2.31e-06, 0, 0, 0, 0.00031163, 1.2061e-05, 0.000326331, 
2.21e-06, 0, 0, 0, 0.000353284, 1.691e-06, 0.000357389, 
1.951e-06, 0, 0, 0, 0.00035317, 1.488e-06, 0.00035686, 
4.909e-06, 0, 0, 0, 0.000351915, 1.2738e-05, 0.000369854, 
1.978e-06, 0, 0, 0, 0.000273352, 1.798e-06, 0.00027737, 
1.486e-06, 0, 0, 0, 0.000257504, 1.2207e-05, 0.000271396, 
1.388e-06, 0, 0, 0, 0.000370156, 3.374e-06, 0.000375283, 
3.09e-06, 0.0157049, 0, 0, 0.000509299, 1.5409e-05, 0.000528089, 
4.491e-06, 0, 0, 0, 0.000736879, 3.728e-06, 0.000745769, 
4.028e-06, 0, 0, 0, 0.000686838, 3.739e-06, 0.00069542, 
4.471e-06, 0, 0, 0, 0.000481682, 2.883e-06, 0.000489407, 
3.786e-06, 0, 0, 0, 0.000263569, 1.3217e-05, 0.000280849, 
1.804e-06, 0, 0, 0, 0.000263517, 3.6594e-05, 0.000302328, 
2.125e-06, 0, 0, 0, 0.000265178, 1.979e-06, 0.000269602, 
2.983e-06, 0, 0, 0, 0.000464608, 2.583e-06, 0.000470485, 
2.347e-06, 0, 0, 0, 0.000275219, 1.676e-06, 0.000279484, 
1.857e-06, 0, 0, 0, 0.00027488, 1.194e-05, 0.000288981, 
3.39e-06, 0.0157996, 0, 0, 0.000258706, 1.859e-06, 0.000264226, 
3.015e-06, 0, 0, 0, 0.000452588, 2.776e-06, 0.000458715, 
2.439e-06, 0, 0, 0, 0.000385511, 1.987e-06, 0.000390225, 
3.048e-06, 0, 0, 0, 0.000406662, 2.914e-06, 0.000413035, 
2.048e-06, 0, 0, 0, 0.000349791, 1.357e-06, 0.000353451, 
2.38e-06, 0, 0, 0, 0.000355796, 1.344e-06, 0.000359712, 
2.619e-06, 0, 0, 0, 0.000282479, 2.474e-06, 0.000287996, 
1.848e-06, 0, 0, 0, 0.000276613, 2.795e-06, 0.000281542, 
2.383e-06, 0.00470081, 0, 0, 0.000256778, 1.0219e-05, 0.000269584, 
2.372e-06, 0, 0, 0, 0.000357241, 1.3507e-05, 0.000373463, 
2.922e-06, 0, 0, 0, 0.000447729, 2.724e-06, 0.000453779, 
3.592e-06, 0, 0, 0, 0.00059593, 3.673e-06, 0.000603682, 
3.888e-06, 0, 0, 0, 0.000707015, 2.923e-06, 0.000714336, 
3.665e-06, 0, 0, 0, 0.000621437, 2.1197e-05, 0.000647005, 
3.498e-06, 0, 0, 0, 0.000520455, 2.674e-06, 0.000527106, 
2.839e-06, 0, 0, 0, 0.000555106, 3.5e-06, 0.000562255, 
5.11e-06, 0, 0, 0, 0.000717246, 7.0863e-05, 0.000793828, 
2.802e-06, 0, 0, 0, 0.000437054, 2.537e-06, 0.00044298, 
2.988e-06, 0, 0, 0, 0.000358983, 1.777e-06, 0.000364043, 
2.583e-06, 0, 0, 0, 0.000378503, 1.709e-06, 0.000383118, 
9.834e-06, 0, 0, 0, 0.000331948, 1.4905e-05, 0.000357009, 
2.511e-06, 0, 0, 0, 0.00039824, 2.681e-06, 0.000403754, 
1.951e-06, 0.0165349, 0, 0, 0.000256693, 1.444e-06, 0.000260322, 
2.459e-06, 0, 0, 0, 0.000397215, 2.282e-06, 0.000402429, 
2.333e-06, 0, 0, 0, 0.000402075, 1.673e-06, 0.000406592, 
3.517e-06, 0, 0, 0, 0.000401151, 0.000201927, 0.000607414, 
6.01e-06, 0, 0, 0, 0.000703737, 6.092e-06, 0.000716475, 
2.997e-06, 0, 0, 0, 0.000386088, 1.4602e-05, 0.000403967, 
2.114e-06, 0.0045062, 0, 0, 0.000268206, 1.74e-06, 0.000272305, 
2.933e-06, 0, 0, 0, 0.00030741, 2.07e-06, 0.000313457, 
2.299e-06, 0, 0, 0, 0.00028029, 1.843e-06, 0.000284686, 
2.443e-06, 0, 0, 0, 0.000420722, 3.268e-06, 0.0004268, 
2.981e-06, 0, 0, 0, 0.000382162, 2.295e-06, 0.000387748, 
4.055e-06, 0, 0, 0, 0.000378489, 1.855e-05, 0.000401842, 
2.676e-06, 0, 0, 0, 0.000379854, 2.613e-06, 0.000385577, 
2.432e-06, 0, 0, 0, 0.000354197, 2.074e-06, 0.000359052, 
5.5e-06, 0, 0, 0, 0.000396491, 2.333e-06, 0.000404746, 
2.43e-06, 0, 0, 0, 0.000312106, 2.311e-06, 0.000317052, 
2.137e-06, 0, 0, 0, 0.000262438, 1.415e-06, 0.00026617, 
1.676e-06, 0, 0, 0, 0.000284658, 1.853e-06, 0.000288405, 
2.529e-06, 0.0155968, 0, 0, 0.000410972, 1.5265e-05, 0.000429126, 
3.526e-06, 0, 0, 0, 0.000513289, 3.348e-06, 0.000520772, 
2.884e-06, 0, 0, 0, 0.000319101, 1.53e-06, 0.000323837, 
2.297e-06, 0, 0, 0, 0.000270987, 1.3145e-05, 0.00028667, 
2.948e-06, 0, 0, 0, 0.00036588, 2.986e-06, 0.000372259, 
1.988e-06, 0, 0, 0, 0.000350077, 1.686e-06, 0.00035403, 
3.148e-06, 0, 0, 0, 0.00037201, 2.6665e-05, 0.000402225, 
2.529e-06, 0, 0, 0, 0.000289165, 1.798e-06, 0.000293679, 
1.929e-06, 0.00542507, 0, 0, 0.000258331, 1.813e-06, 0.000262223, 
1.95e-06, 0, 0, 0, 0.000267016, 1.456e-06, 0.000270584, 
1.891e-06, 0, 0, 0, 0.00027066, 2.134e-06, 0.000274928, 
2.217e-06, 0, 0, 0, 0.000384738, 2.509e-06, 0.000389796, 
2.895e-06, 0, 0, 0, 0.000393306, 2.42e-06, 0.000399083, 
3.098e-06, 0, 0, 0, 0.000390905, 4.9661e-05, 0.000444325, 
4.842e-06, 0, 0, 0, 0.000362733, 1.97e-06, 0.000369943, 
1.871e-06, 0, 0, 0, 0.000353775, 2.051e-06, 0.000357984, 
2.775e-06, 0, 0, 0, 0.000288527, 1.5343e-05, 0.000307103, 
2.352e-06, 0, 0, 0, 0.000274576, 1.652e-06, 0.00027873, 
1.702e-06, 0, 0, 0, 0.000262079, 1.547e-06, 0.000265489, 
2.61e-06, 0.0162761, 0, 0, 0.000521243, 2.309e-06, 0.000526706, 
2.781e-06, 0, 0, 0, 0.000554264, 2.433e-06, 0.000559773, 
4.472e-06, 0, 0, 0, 0.000769648, 3.309e-06, 0.00077808, 
4.018e-06, 0, 0, 0, 0.000681955, 3.66e-06, 0.000690148, 
3.575e-06, 0, 0, 0, 0.000403745, 4.04e-06, 0.000412089, 
2.636e-06, 0, 0, 0, 0.000394332, 2.463e-06, 0.000399831, 
2.778e-06, 0, 0, 0, 0.000365962, 2.292e-06, 0.000371284, 
3.536e-06, 0, 0, 0, 0.000409597, 2.397e-06, 0.000415975, 
2.386e-06, 0, 0, 0, 0.00026441, 2.188e-06, 0.000269223, 
1.822e-06, 0, 0, 0, 0.000288998, 1.2953e-05, 0.000303973, 
3.164e-06, 0, 0, 0, 0.0005, 3.005e-06, 0.00050669, 
2.793e-06, 0.0160833, 0, 0, 0.000398639, 3.745e-06, 0.000405569, 
3.605e-06, 0, 0, 0, 0.00040799, 3.189e-06, 0.000415299, 
1.696e-06, 0, 0, 0, 0.000267566, 2.136e-06, 0.000271751, 
3.682e-06, 0, 0, 0, 0.000324814, 2.021e-06, 0.000330803, 
2.203e-06, 0, 0, 0, 0.000361389, 1.851e-06, 0.000365723, 
2.323e-06, 0, 0, 0, 0.000299845, 2.127e-06, 0.000304563, 
3.16e-06, 0, 0, 0, 0.000355077, 5.9814e-05, 0.00041866, 
2.231e-06, 0, 0, 0, 0.000273298, 1.824e-06, 0.000277614, 
2.86e-06, 0.00438418, 0, 0, 0.000356356, 1.1173e-05, 0.000370587, 
1.168e-05, 0, 0, 0, 0.00040679, 2.7391e-05, 0.000446499, 
4.87e-06, 0, 0, 0, 0.000670458, 3.782e-06, 0.000679878, 
4.338e-06, 0, 0, 0, 0.000520691, 3.716e-06, 0.000529192, 
3.88e-06, 0, 0, 0, 0.000586415, 2.622e-06, 0.000593435, 
2.564e-06, 0, 0, 0, 0.000482306, 3.181e-06, 0.000488452, 
2.373e-06, 0, 0, 0, 0.00025999, 1.0328e-05, 0.000272951, 
2.169e-06, 0, 0, 0, 0.000529916, 2.347e-06, 0.000534748, 
3.944e-06, 0, 0, 0, 0.000385842, 3.891e-06, 0.00039401, 
2.623e-06, 0, 0, 0, 0.000312678, 1.2698e-05, 0.000328439, 
2.871e-06, 0, 0, 0, 0.000316214, 9.115e-06, 0.000328535, 
1.92e-06, 0, 0, 0, 0.000282596, 2.545e-06, 0.00028745, 
2.221e-06, 0.0161133, 0, 0, 0.000258784, 1.903e-06, 0.000263088, 
2.763e-06, 0, 0, 0, 0.000391754, 2.225e-06, 0.000397162, 
2.72e-06, 0, 0, 0, 0.000298908, 2.388e-06, 0.000304544, 
3.709e-06, 0, 0, 0, 0.000454798, 5.6123e-05, 0.000515287, 
2.385e-06, 0, 0, 0, 0.000359063, 1.974e-06, 0.000363702, 
2.513e-06, 0, 0, 0, 0.000381048, 2.294e-06, 0.000386214, 
2.847e-06, 0, 0, 0, 0.000356581, 1.5182e-05, 0.00037496, 
2.987e-06, 0, 0, 0, 0.000423326, 2.718e-06, 0.000429445, 
1.706e-06, 0.00446303, 0, 0, 0.000264096, 2.427e-06, 0.000268437, 
2.389e-06, 0, 0, 0, 0.000341772, 2.57e-06, 0.000346948, 
2.964e-06, 0, 0, 0, 0.000564526, 1.696e-05, 0.00058481, 
4.307e-06, 0, 0, 0, 0.000741451, 3.751e-06, 0.000750496, 
3.605e-06, 0, 0, 0, 0.000575448, 2.828e-06, 0.000582264, 
3.479e-06, 0, 0, 0, 0.000443231, 2.835e-06, 0.00045013, 
1.806e-06, 0, 0, 0, 0.000253649, 1.087e-05, 0.000266873, 
2.38e-06, 0, 0, 0, 0.000386492, 2.623e-06, 0.000391914, 
3.801e-06, 0, 0, 0, 0.000499298, 3.738e-06, 0.000507359, 
2.387e-06, 0, 0, 0, 0.000366206, 1.811e-06, 0.000370626, 
3.146e-06, 0, 0, 0, 0.000421242, 4.226e-06, 0.00042937, 
2.426e-06, 0, 0, 0, 0.000263318, 1.549e-06, 0.000267532, 
2.78e-06, 0.0157323, 0, 0, 0.000403681, 1.959e-06, 0.000408646, 
3.961e-06, 0, 0, 0, 0.000605604, 2.721e-06, 0.000613081, 
3.24e-06, 0, 0, 0, 0.000518166, 2.339e-06, 0.000524058, 
2.928e-06, 0, 0, 0, 0.000380406, 1.627e-06, 0.000385227, 
2.215e-06, 0, 0, 0, 0.000354962, 2.273e-06, 0.000359742, 
2.414e-06, 0, 0, 0, 0.000367715, 2.086e-06, 0.000372592, 
2.472e-06, 0, 0, 0, 0.000276224, 2.392e-06, 0.000281463, 
2.037e-06, 0, 0, 0, 0.000264988, 1.833e-06, 0.000269092, 
2.053e-06, 0.00456358, 0, 0, 0.000275401, 2.628e-06, 0.000280466, 
2.313e-06, 0, 0, 0, 0.000279417, 2.509e-06, 0.000284459, 
2.928e-06, 0, 0, 0, 0.000349333, 1.2127e-05, 0.000364691, 
4.009e-06, 0, 0, 0, 0.000610217, 1.9735e-05, 0.000634439, 
4.157e-06, 0, 0, 0, 0.000842454, 3.484e-06, 0.000850771, 
4.358e-06, 0, 0, 0, 0.000691719, 3.499e-06, 0.000700055, 
5.087e-06, 0, 0, 0, 0.000832658, 3.241e-06, 0.000841631, 
4.428e-06, 0, 0, 0, 0.000458352, 2.4422e-05, 0.000487586, 
9.495e-06, 0, 0, 0, 0.000608985, 0.000103478, 0.000722248, 
1.751e-06, 0, 0, 0, 0.00027629, 3.089e-06, 0.000281361, 
2.052e-06, 0, 0, 0, 0.000358799, 1.933e-06, 0.000363011, 
1.604e-06, 0, 0, 0, 0.000294479, 1.566e-06, 0.000297856, 
3.251e-06, 0, 0, 0, 0.000398408, 2.368e-06, 0.000404538, 
2.074e-06, 0, 0, 0, 0.000276407, 1.841e-06, 0.0002805, 
2.875e-06, 0.0158765, 0, 0, 0.000389477, 2.346e-06, 0.000395003, 
3.433e-06, 0, 0, 0, 0.000396257, 2.333e-06, 0.000402426, 
2.486e-06, 0, 0, 0, 0.000363049, 2.21e-06, 0.000368014, 
2.303e-06, 0, 0, 0, 0.000344985, 2.014e-06, 0.00034963, 
3.714e-06, 0, 0, 0, 0.000370244, 3.164e-06, 0.000377542, 
2.046e-06, 0, 0, 0, 0.000276514, 2.204e-06, 0.000280951, 
1.773e-06, 0, 0, 0, 0.00026236, 2.185e-06, 0.000266741, 
1.811e-06, 0.00451047, 0, 0, 0.000290298, 1.687e-06, 0.000293976, 
4.592e-06, 0, 0, 0, 0.000840737, 4.995e-06, 0.000850839, 
3.155e-06, 0, 0, 0, 0.000464079, 2.325e-06, 0.000469833, 
2.304e-06, 0, 0, 0, 0.00037879, 2.122e-06, 0.00038345, 
3.275e-06, 0, 0, 0, 0.00030227, 2.292e-06, 0.000308201, 
2.001e-06, 0, 0, 0, 0.000355162, 1.814e-06, 0.000359267, 
1.549e-06, 0, 0, 0, 0.000285246, 1.626e-06, 0.000288741, 
2.8455e-05, 0, 0, 0, 0.000499788, 3.193e-06, 0.000531849, 
1.871e-06, 0, 0, 0, 0.000263371, 1.964e-06, 0.000267458, 
2.774e-06, 0, 0, 0, 0.000390861, 2.125e-06, 0.000396056, 
2.309e-06, 0.0159624, 0, 0, 0.000282605, 1.878e-06, 0.000287172, 
2.498e-06, 0, 0, 0, 0.00031198, 1.6296e-05, 0.000331079, 
3.071e-06, 0, 0, 0, 0.000467506, 2.527e-06, 0.000473479, 
1.877e-06, 0, 0, 0, 0.000259715, 1.0277e-05, 0.000272285, 
3.809e-06, 0, 0, 0, 0.000418855, 3.259e-06, 0.000426336, 
2.164e-06, 0, 0, 0, 0.000310182, 2.806e-06, 0.000315508, 
2.142e-06, 0, 0, 0, 0.000484401, 2.476e-06, 0.000489379, 
1.947e-06, 0, 0, 0, 0.000291452, 2.2999e-05, 0.000316916, 
2.515e-06, 0, 0, 0, 0.000274313, 1.923e-06, 0.000278991, 
1.597e-06, 0, 0, 0, 0.000260406, 1.645e-06, 0.000263812, 
2.369e-06, 0.0154409, 0, 0, 0.000294706, 1.962e-06, 0.000299295, 
1.1186e-05, 0, 0, 0, 0.000281618, 2.434e-06, 0.000295619, 
2.647e-06, 0, 0, 0, 0.000393091, 2.138e-06, 0.000398209, 
4.881e-06, 0, 0, 0, 0.00176563, 3.828e-06, 0.00177522, 
2.51e-06, 0, 0, 0, 0.000417164, 2.354e-06, 0.000422309, 
2.307e-06, 0, 0, 0, 0.000403257, 1.697e-06, 0.000407675, 
1.897e-06, 0, 0, 0, 0.000355151, 2.061e-06, 0.000359506, 
2.877e-06, 0, 0, 0, 0.000325926, 2.835e-06, 0.000332045, 
2.751e-06, 0, 0, 0, 0.000414517, 2.709e-06, 0.00042035, 
1.971e-06, 0, 0, 0, 0.000289201, 2.32e-06, 0.000293778, 
2.069e-06, 0, 0, 0, 0.000309733, 1.725e-06, 0.00031377, 
3.186e-06, 0.0158079, 0, 0, 0.000283221, 1.8157e-05, 0.000304891, 
3.159e-06, 0, 0, 0, 0.000399691, 2.216e-06, 0.000405377, 
2.696e-06, 0, 0, 0, 0.000270464, 2.748e-06, 0.000276192, 
2.3e-06, 0, 0, 0, 0.000274042, 1.2542e-05, 0.000289191, 
2.127e-06, 0, 0, 0, 0.000359168, 1.65e-06, 0.000363294, 
2.537e-06, 0, 0, 0, 0.000398884, 8.385e-06, 0.000410357, 
3.112e-06, 0, 0, 0, 0.000381369, 3.105e-06, 0.000388084, 
2.832e-06, 0, 0, 0, 0.000297369, 2.88e-06, 0.000303345, 
2.821e-06, 0.00494004, 0, 0, 0.000385879, 2.458e-06, 0.000391577, 
2.131e-06, 0, 0, 0, 0.000276444, 1.664e-06, 0.000280475, 
6.648e-06, 0, 0, 0, 0.00031305, 1.5432e-05, 0.000335387, 
2.465e-06, 0, 0, 0, 0.000385653, 1.939e-06, 0.000390368, 
3.03e-06, 0, 0, 0, 0.000380877, 2.483e-06, 0.000386635, 
3.093e-06, 0, 0, 0, 0.000346609, 2.528e-06, 0.000352587, 
2.233e-06, 0, 0, 0, 0.000354232, 1.623e-06, 0.000358383, 
1.921e-06, 0, 0, 0, 0.000331586, 1.839e-06, 0.000335649, 
2.859e-06, 0, 0, 0, 0.000271981, 1.842e-06, 0.000276904, 
1.944e-06, 0, 0, 0, 0.000272125, 1.1537e-05, 0.000285958, 
1.939e-06, 0, 0, 0, 0.000263341, 1.0352e-05, 0.00027587, 
2.432e-06, 0.0157498, 0, 0, 0.00037502, 1.768e-06, 0.000379492, 
4.544e-06, 0, 0, 0, 0.00146824, 2.28e-05, 0.00149613, 
3.271e-06, 0, 0, 0, 0.000409676, 2.92e-06, 0.000416165, 
3.55e-06, 0, 0, 0, 0.00066531, 3.818e-06, 0.000673285, 
2.489e-06, 0, 0, 0, 0.000330447, 2.085e-06, 0.000335271, 
2.347e-06, 0, 0, 0, 0.00036829, 2.193e-06, 0.00037313, 
1.765e-06, 0, 0, 0, 0.000345212, 1.95e-06, 0.00034923, 
3.325e-06, 0, 0, 0, 0.00039731, 2.913e-06, 0.000403977, 
2.165e-06, 0, 0, 0, 0.000277676, 1.718e-06, 0.000281811, 
1.629e-06, 0.00638306, 0, 0, 0.000305661, 1.487e-06, 0.000309035, 
3.002e-06, 0, 0, 0, 0.000454812, 2.624e-06, 0.000460814, 
3.565e-06, 0, 0, 0, 0.000538873, 2.895e-06, 0.000545899, 
3.541e-06, 0, 0, 0, 0.000608808, 2.953e-06, 0.000615865, 
2.825e-06, 0, 0, 0, 0.000512965, 2.2e-06, 0.000518329, 
3.287e-06, 0, 0, 0, 0.00040751, 2.593e-06, 0.000413813, 
2.132e-06, 0, 0, 0, 0.000254775, 9.859e-06, 0.000267012, 
1.781e-06, 0, 0, 0, 0.000299751, 1.764e-06, 0.000303567, 
7.312e-06, 0, 0, 0, 0.000490467, 1.7016e-05, 0.000515175, 
3.571e-06, 0, 0, 0, 0.000277614, 2.594e-06, 0.000284168, 
1.727e-06, 0, 0, 0, 0.000266178, 1.572e-06, 0.000269632, 
1.958e-06, 0.0161664, 0, 0, 0.000334062, 1.0379e-05, 0.000346829, 
3.714e-06, 0, 0, 0, 0.000467138, 3.015e-06, 0.000474291, 
4.939e-06, 0, 0, 0, 0.000683192, 3.2546e-05, 0.000721443, 
6.184e-06, 0, 0, 0, 0.00114121, 5.562e-06, 0.00115392, 
5.838e-06, 0, 0, 0, 0.00111572, 4.796e-06, 0.00112735, 
4.523e-06, 0, 0, 0, 0.000939277, 2.574e-06, 0.000946763, 
2.996e-06, 0, 0, 0, 0.000579333, 2.239e-06, 0.000584939, 
7.639e-06, 0, 0, 0, 0.000348952, 1.777e-06, 0.000358644, 
2.816e-06, 0, 0, 0, 0.00039278, 2.539e-06, 0.000398553, 
2.137e-06, 0, 0, 0, 0.000359341, 2.381e-06, 0.00036416, 
2.033e-06, 0, 0, 0, 0.000349512, 1.902e-06, 0.000353811, 
2.545e-06, 0, 0, 0, 0.000512596, 1.0912e-05, 0.000526443, 
2.765e-06, 0, 0, 0, 0.000448319, 2.67e-06, 0.000454227, 
2.071e-06, 0.0167614, 0, 0, 0.000375783, 1.633e-06, 0.000379711, 
5.239e-06, 0, 0, 0, 0.000413203, 2.581e-06, 0.000421328, 
2.8e-06, 0, 0, 0, 0.000263775, 1.345e-06, 0.000268187, 
4.417e-06, 0, 0, 0, 0.000428432, 4.274e-06, 0.000437666, 
5.643e-06, 0, 0, 0, 0.000739219, 3.146e-06, 0.000748397, 
2.621e-06, 0, 0, 0, 0.000375071, 2.826e-06, 0.000380922, 
2.289e-06, 0.00484419, 0, 0, 0.000282432, 1.77e-06, 0.00028664, 
2.865e-06, 0, 0, 0, 0.000553743, 1.3067e-05, 0.000570255, 
2.802e-06, 0, 0, 0, 0.000264727, 1.88e-06, 0.000269661, 
2.799e-06, 0, 0, 0, 0.00031455, 2.636e-06, 0.000320271, 
1.914e-06, 0, 0, 0, 0.000286135, 2.389e-06, 0.000290958, 
3.747e-06, 0, 0, 0, 0.000423797, 1.7229e-05, 0.000445124, 
1.897e-06, 0, 0, 0, 0.000265691, 1.473e-06, 0.000269296, 
1.844e-06, 0, 0, 0, 0.000345958, 1.475e-06, 0.000349557, 
2.637e-06, 0, 0, 0, 0.000347741, 1.1884e-05, 0.000362895, 
1.839e-06, 0, 0, 0, 0.000309206, 1.773e-06, 0.000313077, 
2.287e-06, 0, 0, 0, 0.000377362, 2.155e-06, 0.00038203, 
2.186e-06, 0, 0, 0, 0.000287145, 1.796e-06, 0.000291416, 
2.484e-06, 0.0156901, 0, 0, 0.000260903, 1.2997e-05, 0.000276703, 
2.555e-06, 0, 0, 0, 0.000389728, 2.518e-06, 0.000395108, 
1.97e-06, 0, 0, 0, 0.000258908, 1.589e-06, 0.000262746, 
1.924e-06, 0, 0, 0, 0.000311308, 1.4438e-05, 0.000328053, 
2.036e-06, 0, 0, 0, 0.000349467, 1.597e-06, 0.000353393, 
2.273e-06, 0, 0, 0, 0.000373124, 1.654e-06, 0.000377359, 
2.415e-06, 0, 0, 0, 0.000382987, 1.4322e-05, 0.000400139, 
1.754e-06, 0.00459357, 0, 0, 0.000271822, 1.851e-06, 0.000275604, 
2.886e-06, 0, 0, 0, 0.000455469, 3.098e-06, 0.000461809, 
3.506e-06, 0, 0, 0, 0.000417552, 2.286e-06, 0.00042361, 
3e-06, 0, 0, 0, 0.000383069, 1.383e-05, 0.000400255, 
3.919e-06, 0, 0, 0, 0.00035406, 1.6406e-05, 0.000374787, 
2.672e-06, 0, 0, 0, 0.00040995, 2.194e-06, 0.000415245, 
3.67e-06, 0, 0, 0, 0.00530055, 2.4665e-05, 0.00532977, 
2.703e-06, 0, 0, 0, 0.000382702, 1.785e-06, 0.000387452, 
2.43e-06, 0, 0, 0, 0.000351154, 1.2885e-05, 0.000366775, 
3.118e-06, 0, 0, 0, 0.000370858, 2.573e-06, 0.000376834, 
2.233e-06, 0, 0, 0, 0.000274197, 2.138e-06, 0.000278798, 
2.104e-06, 0, 0, 0, 0.000289872, 2.105e-06, 0.0002943, 
1.931e-06, 0, 0, 0, 0.000312724, 1.2164e-05, 0.000327332, 
2.107e-06, 0.0156995, 0, 0, 0.000327392, 1.904e-06, 0.000331622, 
2.912e-06, 0, 0, 0, 0.000441142, 2.968e-06, 0.000447395, 
4.173e-06, 0, 0, 0, 0.000646498, 2.438e-06, 0.000653711, 
4.029e-06, 0, 0, 0, 0.000619761, 3.136e-06, 0.00062757, 
2.197e-06, 0, 0, 0, 0.000267585, 1.359e-06, 0.000271373, 
2.369e-06, 0, 0, 0, 0.000433427, 2.214e-06, 0.00043841, 
2.847e-06, 0, 0, 0, 0.000375651, 3.145e-06, 0.000381936, 
2.387e-06, 0, 0, 0, 0.000332536, 1.838e-06, 0.000336975, 
3.154e-06, 0, 0, 0, 0.000332312, 2.402e-06, 0.000338089, 
2.326e-06, 0.00452039, 0, 0, 0.000265493, 1.755e-06, 0.000269742, 
7.596e-06, 0, 0, 0, 0.000509831, 2.314e-06, 0.00052003, 
3.652e-06, 0, 0, 0, 0.00068205, 3.647e-06, 0.00068993, 
2.761e-06, 0, 0, 0, 0.000478406, 1.659e-06, 0.000483119, 
2.679e-06, 0, 0, 0, 0.000287599, 1.3548e-05, 0.000304083, 
2.479e-06, 0, 0, 0, 0.000258787, 1.2864e-05, 0.000274398, 
1.746e-06, 0, 0, 0, 0.00052251, 1.669e-06, 0.000526319, 
3.743e-06, 0, 0, 0, 0.000384052, 2.573e-06, 0.000390748, 
2.191e-06, 0, 0, 0, 0.000285899, 1.798e-06, 0.000290176, 
2.369e-06, 0, 0, 0, 0.000252582, 1.1482e-05, 0.000266689, 
2.862e-06, 0.0166534, 0, 0, 0.000487, 2.038e-06, 0.000492214, 
3.148e-06, 0, 0, 0, 0.000545349, 3.051e-06, 0.000552075, 
4.986e-06, 0, 0, 0, 0.000724809, 4.808e-06, 0.000735608, 
2.817e-06, 0, 0, 0, 0.000593373, 2.074e-06, 0.000598931, 
3.357e-06, 0, 0, 0, 0.000526792, 1.8534e-05, 0.000549078, 
2.103e-06, 0, 0, 0, 0.000309842, 1.921e-06, 0.00031415, 
2.62e-06, 0, 0, 0, 0.000471007, 2.804e-06, 0.000476961, 
2.76e-06, 0, 0, 0, 0.000410784, 2.667e-06, 0.000416541, 
2.47e-06, 0, 0, 0, 0.000372484, 2.477e-06, 0.000377716, 
2.858e-06, 0, 0, 0, 0.000266033, 1.786e-06, 0.000270872, 
2.232e-06, 0, 0, 0, 0.000278324, 1.146e-05, 0.000292391, 
2.179e-06, 0.015639, 0, 0, 0.000341712, 1.612e-06, 0.000345672, 
3.721e-06, 0, 0, 0, 0.000497858, 2.695e-06, 0.000504662, 
2.533e-06, 0, 0, 0, 0.000443909, 2.158e-06, 0.0004492, 
2.66e-06, 0, 0, 0, 0.000284868, 1.2009e-05, 0.000299791, 
2.366e-06, 0, 0, 0, 0.000371598, 1.88e-06, 0.000376086, 
2.007e-06, 0, 0, 0, 0.00034346, 1.367e-06, 0.000347058, 
3.739e-06, 0, 0, 0, 0.000342284, 1.951e-06, 0.000348326, 
2.884e-06, 0, 0, 0, 0.000407321, 2.949e-06, 0.000413463, 
1.951e-06, 0.00497513, 0, 0, 0.000272458, 1.471e-06, 0.000276035, 
1.63e-06, 0, 0, 0, 0.000272614, 1.542e-06, 0.000275967, 
3.041e-06, 0, 0, 0, 0.00027688, 1.6261e-05, 0.000296623, 
3.173e-06, 0, 0, 0, 0.000412389, 2.334e-06, 0.000418236, 
2.706e-06, 0, 0, 0, 0.000409575, 2.2e-06, 0.000414723, 
3.139e-06, 0, 0, 0, 0.000384205, 2.827e-06, 0.000390447, 
2.149e-06, 0, 0, 0, 0.000347561, 1.861e-06, 0.000351861, 
2.297e-06, 0, 0, 0, 0.000477326, 1.7e-06, 0.000481634, 
2.905e-06, 0, 0, 0, 0.000358405, 2.305e-06, 0.000363846, 
2.284e-06, 0, 0, 0, 0.00026138, 9.135e-06, 0.000273039, 
2.333e-06, 0, 0, 0, 0.000279932, 1.358e-06, 0.00028387, 
1.79e-06, 0.0160387, 0, 0, 0.000326574, 1.969e-06, 0.000330542, 
3.183e-06, 0, 0, 0, 0.000562406, 2.2627e-05, 0.000588921, 
3.633e-06, 0, 0, 0, 0.000624541, 2.949e-06, 0.000631569, 
2.983e-06, 0, 0, 0, 0.000487497, 2.427e-06, 0.000493385, 
3.068e-06, 0, 0, 0, 0.000414949, 2.568e-06, 0.000421086, 
2.646e-06, 0, 0, 0, 0.000378453, 2.263e-06, 0.000383634, 
2.245e-06, 0, 0, 0, 0.000664446, 1.882e-06, 0.000668877, 
1.92e-06, 0, 0, 0, 0.000358682, 1.822e-06, 0.000362708, 
2.647e-06, 0, 0, 0, 0.000398622, 3.1565e-05, 0.000435539, 
2.607e-06, 0, 0, 0, 0.000282986, 2.061e-06, 0.000287919, 
1.607e-06, 0.0163387, 0, 0, 0.000272444, 1.841e-06, 0.000276068, 
2.686e-06, 0, 0, 0, 0.000425537, 1.5007e-05, 0.00044363, 
7.541e-06, 0, 0, 0, 0.0011388, 4.165e-06, 0.00115152, 
3.841e-06, 0, 0, 0, 0.00072998, 2.891e-06, 0.000737159, 
3.861e-06, 0, 0, 0, 0.000674285, 1.299e-05, 0.000691701, 
2.773e-06, 0, 0, 0, 0.000303725, 1.3496e-05, 0.00032028, 
4.299e-06, 0, 0, 0, 0.000501585, 4.322e-06, 0.000510746, 
4.701e-06, 0, 0, 0, 0.000680107, 4.818e-06, 0.000690304, 
2.774e-06, 0, 0, 0, 0.000409863, 2.0241e-05, 0.000433222, 
2.345e-06, 0, 0, 0, 0.000284443, 2.51e-06, 0.000289677, 
1.566e-06, 0, 0, 0, 0.000317611, 1.888e-06, 0.00032154, 
1.861e-06, 0, 0, 0, 0.00027565, 1.0333e-05, 0.000288071, 
2.19e-06, 0, 0, 0, 0.000330225, 2.497e-06, 0.000335208, 
3.316e-06, 0, 0, 0, 0.000361124, 2.252e-06, 0.000367033, 
2.688e-06, 0.0208235, 0, 0, 0.000395939, 2.408e-06, 0.000401422, 
2.829e-06, 0, 0, 0, 0.00037199, 2.133e-06, 0.000377219, 
2.196e-06, 0, 0, 0, 0.000365083, 2.286e-06, 0.00036986, 
3.178e-06, 0, 0, 0, 0.000266371, 1.2208e-05, 0.00028204, 
1.1252e-05, 0, 0, 0, 0.000317311, 2.156e-06, 0.000331127, 
3.567e-06, 0, 0, 0, 0.000401063, 2.1176e-05, 0.000426216, 
1.889e-06, 0.00430617, 0, 0, 0.000266365, 2.073e-06, 0.000270562, 
2.873e-06, 0, 0, 0, 0.000270671, 2.368e-06, 0.000276254, 
1.784e-06, 0, 0, 0, 0.000270774, 2.103e-06, 0.000274934, 
2.504e-06, 0, 0, 0, 0.000253358, 9.861e-06, 0.000265993, 
2.543e-06, 0, 0, 0, 0.000477707, 2.626e-06, 0.000483302, 
2.28e-06, 0, 0, 0, 0.000349282, 2.061e-06, 0.000353908, 
1.897e-06, 0, 0, 0, 0.000353559, 2.002e-06, 0.000357766, 
2.305e-06, 0, 0, 0, 0.000282707, 2.586e-06, 0.000288017, 
2.131e-06, 0, 0, 0, 0.000280262, 1.936e-06, 0.000284498, 
1.61e-06, 0.0160516, 0, 0, 0.000258211, 1.457e-06, 0.000261512, 
2.184e-06, 0, 0, 0, 0.00028295, 1.817e-06, 0.000287117, 
6.521e-06, 0, 0, 0, 0.000266619, 1.6542e-05, 0.000289915, 
2.701e-06, 0, 0, 0, 0.000311498, 3.312e-06, 0.000317814, 
2.77e-06, 0, 0, 0, 0.000385403, 1.994e-06, 0.000390501, 
2.027e-06, 0, 0, 0, 0.000303013, 2.316e-06, 0.00030773, 
2.207e-06, 0, 0, 0, 0.000353546, 2.4e-06, 0.000358461, 
1.703e-06, 0, 0, 0, 0.000291483, 1.893e-06, 0.000295424, 
2.817e-06, 0, 0, 0, 0.000399464, 1.7547e-05, 0.000420635, 
1.743e-06, 0, 0, 0, 0.000281178, 2.022e-06, 0.000285128, 
1.758e-06, 0, 0, 0, 0.000244599, 2.012e-06, 0.000248629, 
1.96e-06, 0.0167905, 0, 0, 0.000391853, 1.765e-06, 0.00039582, 
4.029e-06, 0, 0, 0, 0.000560728, 2.872e-06, 0.000568098, 
5.84e-06, 0, 0, 0, 0.000987768, 4.434e-06, 0.000998778, 
4.291e-06, 0, 0, 0, 0.000833771, 3.062e-06, 0.000841584, 
3.714e-06, 0, 0, 0, 0.000751212, 2.834e-06, 0.00075825, 
3.178e-06, 0, 0, 0, 0.000550099, 2.591e-06, 0.000556296, 
2.67e-06, 0, 0, 0, 0.000510329, 2.212e-06, 0.000515477, 
2.461e-06, 0, 0, 0, 0.000418875, 3.076e-06, 0.000424783, 
2.319e-06, 0, 0, 0, 0.000378204, 2.054e-06, 0.000382797, 
1.849e-06, 0, 0, 0, 0.000347995, 2.747e-06, 0.000352892, 
2.375e-06, 0, 0, 0, 0.000289603, 1.1543e-05, 0.000303728, 
3.509e-06, 0, 0, 0, 0.00029272, 1.6925e-05, 0.000313494, 
2.598e-06, 0.0158659, 0, 0, 0.000412916, 2.723e-06, 0.000418601, 
1.983e-06, 0, 0, 0, 0.00025887, 1.698e-06, 0.000262724, 
2.012e-06, 0, 0, 0, 0.000280102, 1.2246e-05, 0.000294636, 
2.473e-06, 0, 0, 0, 0.000357214, 1.931e-06, 0.000362005, 
1.606e-06, 0, 0, 0, 0.000284099, 1.157e-06, 0.000287177, 
3.489e-06, 0, 0, 0, 0.000302311, 2.427e-06, 0.000308703, 
2.938e-06, 0, 0, 0, 0.000415259, 3.312e-06, 0.0004219, 
1.69e-06, 0.00492865, 0, 0, 0.000254807, 1.0116e-05, 0.000266794, 
1.406e-06, 0, 0, 0, 0.000316928, 2.116e-06, 0.000320775, 
2.667e-06, 0, 0, 0, 0.000491572, 3.754e-06, 0.000498556, 
2.608e-06, 0, 0, 0, 0.000433858, 2.284e-06, 0.000439031, 
1.804e-06, 0, 0, 0, 0.000263176, 2.139e-06, 0.000267376, 
3.082e-06, 0, 0, 0, 0.000388325, 2.922e-06, 0.000394653, 
2.433e-06, 0, 0, 0, 0.000348269, 1.899e-06, 0.000352888, 
1.375e-06, 0, 0, 0, 0.000293883, 1.639e-06, 0.000297147, 
1.524e-06, 0, 0, 0, 0.000276109, 2.48e-06, 0.000280362, 
2.323e-06, 0, 0, 0, 0.000269769, 1.1978e-05, 0.000284274, 
2.111e-06, 0, 0, 0, 0.000249987, 1.1966e-05, 0.000264247, 
1.877e-06, 0.016432, 0, 0, 0.000299311, 2.025e-06, 0.000303399, 
3.221e-06, 0, 0, 0, 0.000403697, 2.086e-06, 0.000409322, 
3.659e-06, 0, 0, 0, 0.000571602, 4.127e-06, 0.000579919, 
5.786e-06, 0, 0, 0, 0.00106615, 4.906e-06, 0.00107774, 
5.047e-06, 0, 0, 0, 0.00092094, 5.016e-06, 0.000932039, 
3.88e-06, 0, 0, 0, 0.000619261, 2.862e-06, 0.000626522, 
2.679e-06, 0, 0, 0, 0.000430164, 2.367e-06, 0.000435519, 
9.788e-06, 0, 0, 0, 0.000675774, 2.1952e-05, 0.00070805, 
2.654e-06, 0, 0, 0, 0.000390226, 3.073e-06, 0.000396338, 
2.069e-06, 0, 0, 0, 0.000350345, 1.699e-06, 0.000354373, 
3.587e-06, 0, 0, 0, 0.000518389, 3.009e-06, 0.000525483, 
3.81e-06, 0, 0, 0, 0.000382123, 3.889e-06, 0.000390432, 
2.454e-06, 0, 0, 0, 0.000388562, 2.506e-06, 0.000393737, 
2.49e-06, 0.0170521, 0, 0, 0.000372079, 9.827e-06, 0.000384596, 
4.461e-06, 0, 0, 0, 0.000437502, 1.8013e-05, 0.000460553, 
2.687e-06, 0, 0, 0, 0.000363027, 2.799e-06, 0.000369128, 
2.433e-06, 0, 0, 0, 0.000301312, 1.904e-06, 0.000305913, 
1.719e-06, 0, 0, 0, 0.000275647, 1.821e-06, 0.000279477, 
2.092e-06, 0, 0, 0, 0.000288672, 2.101e-06, 0.000293121, 
1.656e-06, 0.00476031, 0, 0, 0.000250952, 1.67e-06, 0.000254427, 
1.712e-06, 0, 0, 0, 0.0002609, 1.0582e-05, 0.000273437, 
2.884e-06, 0, 0, 0, 0.000589061, 4.669e-06, 0.000597339, 
2.615e-06, 0, 0, 0, 0.000391301, 2.148e-06, 0.000396366, 
2.781e-06, 0, 0, 0, 0.000390532, 2.39e-06, 0.000396013, 
2.438e-06, 0, 0, 0, 0.000324933, 1.6399e-05, 0.000344372, 
1.981e-06, 0, 0, 0, 0.000351582, 1.914e-06, 0.000355812, 
2.13e-06, 0, 0, 0, 0.000354849, 1.879e-06, 0.000359218, 
1.1098e-05, 0, 0, 0, 0.000403954, 2.11e-06, 0.000417415, 
1.895e-06, 0, 0, 0, 0.000270703, 2.2e-06, 0.000275036, 
1.759e-06, 0, 0, 0, 0.000269031, 1.678e-06, 0.000272719, 
2.772e-06, 0.016311, 0, 0, 0.000428242, 2.476e-06, 0.000433782, 
2.868e-06, 0, 0, 0, 0.000600672, 2.3428e-05, 0.000627565, 
4.034e-06, 0, 0, 0, 0.000583034, 3.193e-06, 0.000590692, 
3.528e-06, 0, 0, 0, 0.000544485, 3.264e-06, 0.000551938, 
2.446e-06, 0, 0, 0, 0.000346029, 3.258e-06, 0.000352155, 
3.177e-06, 0, 0, 0, 0.000358825, 2.968e-06, 0.000365574, 
2.792e-06, 0, 0, 0, 0.000388667, 3.166e-06, 0.000394949, 
3.639e-06, 0, 0, 0, 0.000777941, 5.213e-06, 0.000787523, 
3.663e-06, 0, 0, 0, 0.000527039, 2.352e-06, 0.000533458, 
3.01e-06, 0, 0, 0, 0.000291792, 1.245e-05, 0.000307524, 
3.824e-06, 0, 0, 0, 0.000546598, 2.287e-06, 0.000553245, 
2.753e-06, 0.0159102, 0, 0, 0.000306339, 1.588e-06, 0.000310848, 
2.632e-06, 0, 0, 0, 0.000395869, 2.258e-06, 0.000401078, 
2.358e-06, 0, 0, 0, 0.000381559, 2.553e-06, 0.000386874, 
2.364e-06, 0, 0, 0, 0.000290622, 2.192e-06, 0.000295529, 
2.152e-06, 0, 0, 0, 0.000349394, 1.355e-06, 0.000353213, 
2.381e-06, 0, 0, 0, 0.000341252, 1.444e-06, 0.000345655, 
2.246e-06, 0, 0, 0, 0.000265193, 2.232e-06, 0.000269916, 
2.022e-06, 0, 0, 0, 0.000290974, 1.93e-06, 0.000295207, 
1.588e-06, 0.00542099, 0, 0, 0.000259267, 1.0979e-05, 0.000272095, 
1.845e-06, 0, 0, 0, 0.000263941, 1.502e-06, 0.00026759, 
4.737e-06, 0, 0, 0, 0.000481085, 2.856e-06, 0.000489311, 
4.656e-06, 0, 0, 0, 0.00070314, 2.788e-06, 0.000711196, 
4.007e-06, 0, 0, 0, 0.000631071, 2.842e-06, 0.000638751, 
2.807e-06, 0, 0, 0, 0.000434684, 2.288e-06, 0.000440087, 
2.684e-06, 0, 0, 0, 0.000359069, 2.035e-06, 0.000364018, 
2.487e-06, 0, 0, 0, 0.000380494, 2.284e-06, 0.00038561, 
2.344e-06, 0, 0, 0, 0.000267232, 1.4609e-05, 0.000284466, 
2.204e-06, 0, 0, 0, 0.000307237, 2.095e-06, 0.00031182, 
2.353e-06, 0, 0, 0, 0.000262378, 1.2039e-05, 0.000277085, 
1.787e-06, 0.0164673, 0, 0, 0.000278613, 1.4325e-05, 0.000295073, 
2.456e-06, 0, 0, 0, 0.000249217, 1.798e-06, 0.000253699, 
3.046e-06, 0, 0, 0, 0.000397651, 2.28e-06, 0.00040328, 
2.666e-06, 0, 0, 0, 0.000388754, 2.258e-06, 0.000394199, 
2.334e-06, 0, 0, 0, 0.000296532, 2.977e-06, 0.00030214, 
2.483e-06, 0, 0, 0, 0.000466376, 1.987e-06, 0.000471205, 
1.63e-06, 0, 0, 0, 0.000267996, 1.615e-06, 0.000271469, 
3.041e-06, 0, 0, 0, 0.000287237, 3.24e-06, 0.000293812, 
1.2167e-05, 0.00471828, 0, 0, 0.000273787, 1.973e-06, 0.000288759, 
2.232e-06, 0, 0, 0, 0.000247492, 1.239e-06, 0.000251199, 
1.666e-06, 0, 0, 0, 0.00025171, 1.267e-06, 0.000254804, 
2.083e-06, 0, 0, 0, 0.000265703, 9.92e-06, 0.000277948, 
2.686e-06, 0, 0, 0, 0.000402027, 4.757e-05, 0.000452831, 
2.616e-06, 0, 0, 0, 0.000376393, 2.047e-06, 0.000381283, 
3.751e-06, 0, 0, 0, 0.000497328, 2.2349e-05, 0.000523993, 
2.3e-06, 0, 0, 0, 0.000316615, 2.7223e-05, 0.000346486, 
2.047e-06, 0, 0, 0, 0.00035127, 1.631e-06, 0.000355229, 
3.517e-06, 0, 0, 0, 0.000371038, 2.627e-06, 0.000377504, 
2.744e-06, 0, 0, 0, 0.000381501, 3.107e-06, 0.000387914, 
1.717e-06, 0, 0, 0, 0.00025922, 9.667e-06, 0.000270841, 
1.704e-06, 0.0155847, 0, 0, 0.000353993, 1.434e-06, 0.000357352, 
5.117e-06, 0, 0, 0, 0.000739599, 3.378e-06, 0.000748668, 
3.046e-06, 0, 0, 0, 0.000541075, 4.137e-06, 0.000548705, 
4.35e-06, 0, 0, 0, 0.000691979, 2.671e-06, 0.00069944, 
3.511e-06, 0, 0, 0, 0.000623111, 6.72e-05, 0.000694761, 
3.171e-06, 0, 0, 0, 0.000268873, 1.625e-06, 0.000273956, 
1.871e-06, 0, 0, 0, 0.000383153, 1.633e-06, 0.000386986, 
2.691e-06, 0, 0, 0, 0.00038731, 2.492e-06, 0.000392971, 
2.311e-06, 0, 0, 0, 0.000362436, 2.426e-06, 0.000367456, 
2.4e-06, 0, 0, 0, 0.000358065, 2.013e-06, 0.000362769, 
1.923e-06, 0, 0, 0, 0.000266576, 2.082e-06, 0.000270749, 
1.836e-06, 0.0153123, 0, 0, 0.00028294, 1.882e-06, 0.000286912, 
2.507e-06, 0, 0, 0, 0.00039882, 2.226e-06, 0.000403922, 
2.584e-06, 0, 0, 0, 0.000375043, 1.933e-06, 0.000379881, 
3.373e-06, 0, 0, 0, 0.000408876, 3.346e-06, 0.000415961, 
2.493e-06, 0, 0, 0, 0.000378415, 2.701e-06, 0.000384101, 
2.004e-06, 0, 0, 0, 0.000353392, 1.86e-06, 0.000357576, 
2.999e-06, 0, 0, 0, 0.000288668, 1.872e-06, 0.000293791, 
1.931e-06, 0, 0, 0, 0.000267008, 1.1006e-05, 0.000280188, 
1.565e-06, 0.00503361, 0, 0, 0.000284138, 1.916e-06, 0.000287835, 
2.082e-06, 0, 0, 0, 0.000265054, 1.615e-06, 0.000269028, 
2.352e-06, 0, 0, 0, 0.000263173, 1.751e-06, 0.000267533, 
3.007e-06, 0, 0, 0, 0.000403689, 2.576e-06, 0.00040962, 
2.579e-06, 0, 0, 0, 0.000396025, 2.472e-06, 0.000401397, 
2.839e-06, 0, 0, 0, 0.000353428, 2.438e-06, 0.000359173, 
2.251e-06, 0, 0, 0, 0.000373037, 1.777e-06, 0.000377349, 
2.376e-06, 0, 0, 0, 0.000281958, 1.747e-06, 0.000286529, 
2.921e-06, 0, 0, 0, 0.000379228, 3.147e-06, 0.000385588, 
2.835e-06, 0, 0, 0, 0.000275527, 1.899e-06, 0.000280563, 
2.487e-06, 0, 0, 0, 0.00035322, 1.546e-06, 0.000357478, 
1.598e-06, 0.0162369, 0, 0, 0.000278654, 1.422e-06, 0.000282434, 
2.501e-06, 0, 0, 0, 0.000294075, 1.929e-06, 0.00029875, 
4.644e-06, 0, 0, 0, 0.000690713, 3.228e-06, 0.000699093, 
3.183e-06, 0, 0, 0, 0.000583591, 2.32e-06, 0.000589513, 
2.73e-06, 0, 0, 0, 0.000420815, 2.806e-06, 0.000426899, 
2.176e-06, 0, 0, 0, 0.000259875, 1.532e-06, 0.000263835, 
1.91e-06, 0, 0, 0, 0.000457366, 1.941e-06, 0.000461461, 
3.024e-06, 0, 0, 0, 0.000384908, 3.197e-06, 0.000391447, 
2.623e-06, 0, 0, 0, 0.000368884, 2.581e-06, 0.000374316, 
1.977e-06, 0, 0, 0, 0.000273948, 1.769e-06, 0.000277954, 
3.143e-06, 0.0158182, 0, 0, 0.000470563, 2.952e-06, 0.00047696, 
2.758e-06, 0, 0, 0, 0.000364184, 1.872e-06, 0.000369114, 
4.291e-06, 0, 0, 0, 0.000554936, 2.3774e-05, 0.000583758, 
2.961e-06, 0, 0, 0, 0.000576339, 1.815e-06, 0.000581584, 
3.665e-06, 0, 0, 0, 0.000503718, 3.057e-06, 0.000510924, 
3.124e-06, 0, 0, 0, 0.000326385, 2.55e-06, 0.000332475, 
2.703e-06, 0, 0, 0, 0.000391824, 3.402e-06, 0.000398477, 
2.479e-06, 0, 0, 0, 0.000373511, 2.298e-06, 0.000378586, 
1.895e-06, 0, 0, 0, 0.000262138, 1.95e-06, 0.000266268, 
1.933e-06, 0, 0, 0, 0.000274881, 2.46e-06, 0.000279754, 
1.827e-06, 0, 0, 0, 0.000284193, 1.706e-06, 0.000287994, 
1.2374e-05, 0.0154444, 0, 0, 0.00115808, 2.521e-06, 0.00117341, 
5.018e-06, 0, 0, 0, 0.00078091, 3.346e-06, 0.000789943, 
3.99e-06, 0, 0, 0, 0.000720145, 3.222e-06, 0.000727829, 
4.657e-06, 0, 0, 0, 0.00061333, 2.2806e-05, 0.000641397, 
3.803e-06, 0, 0, 0, 0.000313283, 2.687e-06, 0.000320116, 
2.785e-06, 0, 0, 0, 0.00032582, 3.243e-06, 0.000332177, 
3.204e-06, 0, 0, 0, 0.000468634, 2.635e-06, 0.000474953, 
2.678e-06, 0, 0, 0, 0.000385444, 1.914e-06, 0.000390331, 
1.796e-06, 0, 0, 0, 0.000356297, 1.339e-06, 0.000359809, 
2.004e-06, 0, 0, 0, 0.000323763, 1.543e-06, 0.000327605, 
2.259e-06, 0, 0, 0, 0.000250037, 1.1316e-05, 0.000263862, 
1.994e-06, 0, 0, 0, 0.000380146, 1.0344e-05, 0.000392922, 
2.422e-06, 0, 0, 0, 0.000290146, 1.817e-06, 0.000295278, 
2.571e-06, 0.0156077, 0, 0, 0.000398623, 2.301e-06, 0.000403807, 
2.813e-06, 0, 0, 0, 0.0004015, 7.494e-06, 0.000412115, 
1.5e-06, 0, 0, 0, 0.000262638, 1.341e-06, 0.000265692, 
2.401e-06, 0, 0, 0, 0.000411278, 3.489e-06, 0.000417614, 
2.1e-06, 0, 0, 0, 0.000369333, 2.144e-06, 0.000373849, 
2.441e-06, 0, 0, 0, 0.000352574, 1.2279e-05, 0.00036759, 
1.3021e-05, 0, 0, 0, 0.000270131, 1.317e-06, 0.000284659, 
3.203e-06, 0, 0, 0, 0.000310007, 2.382e-06, 0.000316223, 
2.817e-06, 0.00534264, 0, 0, 0.000389132, 2.314e-06, 0.000394568, 
1.998e-06, 0, 0, 0, 0.000255705, 1.573e-06, 0.000259517, 
3.635e-06, 0, 0, 0, 0.000402133, 1.4241e-05, 0.000420409, 
2.283e-06, 0, 0, 0, 0.000348822, 1.761e-06, 0.000353177, 
2.853e-06, 0, 0, 0, 0.000400849, 1.318e-06, 0.00040533, 
2.356e-06, 0, 0, 0, 0.000337572, 1.4034e-05, 0.00035427, 
2.783e-06, 0, 0, 0, 0.000286583, 1.0882e-05, 0.000300568, 
1.556e-06, 0.0172633, 0, 0, 0.000283475, 2.921e-06, 0.000288175, 
2.19e-06, 0, 0, 0, 0.000284458, 1.828e-06, 0.000288715, 
2.729e-06, 0, 0, 0, 0.000334149, 2.025e-06, 0.00033916, 
3.591e-06, 0, 0, 0, 0.000588317, 3.283e-06, 0.000595636, 
3.783e-06, 0, 0, 0, 0.000745131, 2.23e-06, 0.000751559, 
3.282e-06, 0, 0, 0, 0.000370655, 1.822e-06, 0.000376122, 
2.356e-06, 0, 0, 0, 0.000346227, 2.239e-06, 0.000351188, 
2.882e-06, 0, 0, 0, 0.000688217, 1.7102e-05, 0.000708732, 
1.1047e-05, 0, 0, 0, 0.000550837, 2.737e-06, 0.000567579, 
2.414e-06, 0, 0, 0, 0.00036642, 2.086e-06, 0.000371225, 
2.554e-06, 0, 0, 0, 0.000359552, 1.582e-06, 0.000364032, 
2.917e-06, 0, 0, 0, 0.000410348, 2.981e-06, 0.000416543, 
1.969e-06, 0, 0, 0, 0.000277835, 2.795e-06, 0.000282913, 
2.819e-06, 0.016574, 0, 0, 0.00042369, 2.664e-06, 0.000429504, 
2.01e-06, 0, 0, 0, 0.000283415, 1.987e-06, 0.000287837, 
3.61e-06, 0, 0, 0, 0.000410889, 5.36e-06, 0.000420499, 
2.504e-06, 0, 0, 0, 0.000357705, 1.623e-06, 0.00036216, 
2.224e-06, 0, 0, 0, 0.000382668, 2.387e-06, 0.000387722, 
2.006e-06, 0, 0, 0, 0.000292912, 3.847e-06, 0.000299117, 
2.062e-06, 0.00548109, 0, 0, 0.000273495, 9.894e-06, 0.000285739, 
1.733e-06, 0, 0, 0, 0.000292947, 1.611e-06, 0.000296575, 
2.855e-06, 0, 0, 0, 0.000460174, 3.125e-06, 0.000466636, 
3.806e-06, 0, 0, 0, 0.000670533, 3.5e-06, 0.000678283, 
4.146e-06, 0, 0, 0, 0.000653832, 4.165e-06, 0.000662881, 
4.289e-06, 0, 0, 0, 0.000704817, 2.856e-06, 0.000712432, 
4.033e-06, 0, 0, 0, 0.000648115, 2.943e-06, 0.000655749, 
2.832e-06, 0, 0, 0, 0.000435955, 2.273e-06, 0.000441451, 
2.951e-06, 0, 0, 0, 0.000468236, 1.4628e-05, 0.000486286, 
9.852e-06, 0, 0, 0, 0.000388837, 4.526e-05, 0.000444534, 
2.079e-06, 0, 0, 0, 0.00031496, 2.418e-06, 0.000319719, 
2.309e-06, 0, 0, 0, 0.000353677, 1.624e-06, 0.000357917, 
2.181e-06, 0, 0, 0, 0.000302853, 2.571e-06, 0.000307983, 
3.344e-06, 0, 0, 0, 0.000297925, 2.229e-06, 0.000303794, 
2.079e-06, 0.0172803, 0, 0, 0.000325901, 1.528e-06, 0.000329825, 
2.202e-06, 0, 0, 0, 0.000262384, 1.537e-06, 0.000266363, 
1.4227e-05, 0, 0, 0, 0.00050803, 2.82e-06, 0.000525473, 
2.168e-06, 0, 0, 0, 0.000353571, 1.535e-06, 0.000357566, 
2.052e-06, 0, 0, 0, 0.00032434, 1.879e-06, 0.00032898, 
1.853e-06, 0, 0, 0, 0.000267338, 1.182e-06, 0.00027054, 
2.819e-06, 0.00464208, 0, 0, 0.00030784, 1.491e-05, 0.000325815, 
2.113e-06, 0, 0, 0, 0.00032893, 2.667e-06, 0.000334105, 
7.585e-06, 0, 0, 0, 0.000381206, 1.849e-06, 0.000391092, 
2.904e-06, 0, 0, 0, 0.000644788, 3.612e-06, 0.000651759, 
6.393e-06, 0, 0, 0, 0.00102122, 4.814e-06, 0.00103326, 
5.154e-06, 0, 0, 0, 0.000862505, 3.657e-06, 0.000871876, 
5.321e-06, 0, 0, 0, 0.00066648, 3.336e-06, 0.000675927, 
3.337e-06, 0, 0, 0, 0.000558251, 4.061e-06, 0.000566472, 
2.716e-06, 0, 0, 0, 0.00037706, 2.444e-06, 0.000382626, 
3.39e-06, 0, 0, 0, 0.000367566, 2.376e-06, 0.000373751, 
2.432e-06, 0, 0, 0, 0.000387201, 2.37e-06, 0.000392397, 
2.145e-06, 0, 0, 0, 0.000275015, 1.464e-06, 0.000278857, 
2.803e-06, 0, 0, 0, 0.000512794, 2.478e-06, 0.000518357, 
2.265e-06, 0.0156946, 0, 0, 0.000397176, 1.0027e-05, 0.00040968, 
3.167e-06, 0, 0, 0, 0.00034443, 2.177e-06, 0.000350081, 
2.786e-06, 0, 0, 0, 0.000264774, 2.177e-06, 0.000270398, 
2.553e-06, 0, 0, 0, 0.00028292, 1.0382e-05, 0.00029611, 
2.56e-06, 0, 0, 0, 0.000364908, 1.93e-06, 0.000369756, 
2.309e-06, 0, 0, 0, 0.000355244, 1.501e-06, 0.000359457, 
3.466e-06, 0, 0, 0, 0.000378381, 3.252e-06, 0.000385482, 
2.348e-06, 0, 0, 0, 0.000278569, 1.865e-06, 0.00028302, 
1.593e-06, 0.00441565, 0, 0, 0.000285088, 1.624e-06, 0.000288487, 
1.735e-06, 0, 0, 0, 0.000269012, 1.619e-06, 0.000272599, 
2.547e-06, 0, 0, 0, 0.000258255, 8.944e-06, 0.000269994, 
3.259e-06, 0, 0, 0, 0.00043073, 3.858e-06, 0.000438299, 
2.212e-06, 0, 0, 0, 0.000381472, 1.87e-06, 0.000385888, 
3.137e-06, 0, 0, 0, 0.000321166, 1.811e-06, 0.000326399, 
2.337e-06, 0, 0, 0, 0.000363656, 2.034e-06, 0.000368404, 
2.094e-06, 0, 0, 0, 0.00036481, 2.05e-06, 0.000369247, 
2.952e-06, 0, 0, 0, 0.000372215, 2.938e-06, 0.000378409, 
2.979e-06, 0, 0, 0, 0.000404953, 2.239e-06, 0.000410467, 
1.625e-06, 0, 0, 0, 0.000342552, 2.008e-06, 0.000346591, 
2.014e-06, 0.0156934, 0, 0, 0.000387998, 2.106e-06, 0.00039239, 
4.185e-06, 0, 0, 0, 0.00050829, 2.358e-06, 0.000515214, 
3.748e-06, 0, 0, 0, 0.000718129, 3.564e-06, 0.000726067, 
3.613e-06, 0, 0, 0, 0.000580954, 2.503e-06, 0.000587496, 
1.1269e-05, 0, 0, 0, 0.000508839, 2.5962e-05, 0.000546988, 
2.829e-06, 0, 0, 0, 0.000302779, 2.917e-06, 0.000308959, 
2.894e-06, 0, 0, 0, 0.000290906, 1.5244e-05, 0.000309366, 
2.346e-06, 0, 0, 0, 0.000397006, 3.151e-06, 0.000402811, 
2.139e-06, 0, 0, 0, 0.000390418, 2.405e-06, 0.000395338, 
1.993e-06, 0, 0, 0, 0.000254674, 1.0333e-05, 0.000267255, 
2.949e-06, 0, 0, 0, 0.000267091, 1.282e-06, 0.000271557, 
3.028e-06, 0, 0, 0, 0.000269172, 1.814e-06, 0.000274234, 
1.987e-06, 0, 0, 0, 0.000294944, 1.993e-06, 0.000299181, 
2.022e-06, 0.0159534, 0, 0, 0.000281462, 2.861e-06, 0.000286543, 
2.952e-06, 0, 0, 0, 0.000272646, 2.373e-06, 0.000278256, 
2.452e-06, 0, 0, 0, 0.000367711, 2.383e-06, 0.00037282, 
2.309e-06, 0, 0, 0, 0.000347419, 1.692e-06, 0.000351699, 
3.293e-06, 0, 0, 0, 0.000298122, 2.993e-06, 0.000304909, 
3.102e-06, 0, 0, 0, 0.000274143, 1.823e-06, 0.000279355, 
2.572e-06, 0, 0, 0, 0.000275382, 2.359e-06, 0.000280517, 
1.973e-06, 0.00424801, 0, 0, 0.000267173, 1.582e-06, 0.000270995, 
3.284e-06, 0, 0, 0, 0.000302614, 2.504e-06, 0.00030868, 
3.126e-06, 0, 0, 0, 0.000388139, 1.975e-06, 0.000393464, 
1.838e-06, 0, 0, 0, 0.000261423, 1.986e-06, 0.000265518, 
2.515e-06, 0, 0, 0, 0.000395611, 2.651e-06, 0.000401399, 
2.318e-06, 0, 0, 0, 0.000365121, 2.149e-06, 0.000369871, 
1.9e-06, 0, 0, 0, 0.000262734, 1.631e-06, 0.000266562, 
2.198e-06, 0, 0, 0, 0.00027149, 3.455e-06, 0.000277429, 
2.09e-06, 0, 0, 0, 0.000260029, 1.956e-06, 0.000264235, 
2.256e-06, 0.0158908, 0, 0, 0.000340176, 1.614e-06, 0.000344268, 
2.411e-06, 0, 0, 0, 0.000382611, 2.828e-06, 0.000388279, 
2.138e-06, 0, 0, 0, 0.00033972, 6.282e-06, 0.000348398, 
4.623e-06, 0, 0, 0, 0.000807707, 1.7102e-05, 0.0008302, 
3.472e-06, 0, 0, 0, 0.000682319, 2.666e-06, 0.000688874, 
2.868e-06, 0, 0, 0, 0.000448673, 3.799e-06, 0.000455867, 
2.219e-06, 0, 0, 0, 0.000302901, 1.889e-06, 0.000307301, 
2.618e-06, 0, 0, 0, 0.000362054, 2.237e-06, 0.000367186, 
3.327e-06, 0, 0, 0, 0.000398587, 2.908e-06, 0.000405177, 
2.483e-06, 0, 0, 0, 0.000361635, 1.2599e-05, 0.000377028, 
2.027e-06, 0, 0, 0, 0.000269581, 2.53e-06, 0.000274365, 
2.809e-06, 0, 0, 0, 0.000286208, 2.284e-06, 0.000291655, 
3.954e-06, 0.0153816, 0, 0, 0.000938862, 4.691e-06, 0.000948004, 
2.552e-06, 0, 0, 0, 0.000383353, 2.157e-06, 0.000388379, 
2.544e-06, 0, 0, 0, 0.000426941, 2.259e-06, 0.00043209, 
3.007e-06, 0, 0, 0, 0.000428701, 3.26e-06, 0.00043554, 
1.816e-06, 0, 0, 0, 0.000405452, 1.312e-06, 0.00040881, 
2.2e-06, 0, 0, 0, 0.000313704, 1.366e-06, 0.00031749, 
2.769e-06, 0, 0, 0, 0.000377414, 1.7766e-05, 0.000398319, 
1.694e-06, 0.00420795, 0, 0, 0.000266307, 1.798e-06, 0.00026999, 
1.976e-06, 0, 0, 0, 0.000256199, 1.1001e-05, 0.000269361, 
1.743e-06, 0, 0, 0, 0.00025775, 1.075e-05, 0.000270433, 
2.845e-06, 0, 0, 0, 0.000248954, 1.2144e-05, 0.000264189, 
2.846e-06, 0, 0, 0, 0.00039988, 2.688e-06, 0.000405729, 
2.054e-06, 0, 0, 0, 0.000380046, 1.68e-06, 0.000384053, 
3.842e-06, 0, 0, 0, 0.000709871, 2.76e-06, 0.000717006, 
3.001e-06, 0, 0, 0, 0.000499227, 2.415e-06, 0.000505015, 
3.19e-06, 0, 0, 0, 0.000425878, 3.006e-06, 0.000432483, 
2.573e-06, 0, 0, 0, 0.000369291, 1.438e-05, 0.000386539, 
1.878e-06, 0, 0, 0, 0.000265438, 1.1436e-05, 0.000279003, 
2.064e-06, 0, 0, 0, 0.000256308, 1.0262e-05, 0.000268908, 
1.62e-06, 0, 0, 0, 0.000269861, 1.712e-06, 0.000273452, 
7.064e-06, 0.0156169, 0, 0, 0.000334839, 1.78e-06, 0.000343928, 
3.905e-06, 0, 0, 0, 0.000605935, 2.695e-06, 0.000612899, 
3.588e-06, 0, 0, 0, 0.000515448, 2.319e-06, 0.000521672, 
2.873e-06, 0, 0, 0, 0.000327185, 1.3072e-05, 0.000343478, 
2.638e-06, 0, 0, 0, 0.000373685, 2.058e-06, 0.000378598, 
1.673e-06, 0, 0, 0, 0.000289216, 1.69e-06, 0.000292792, 
2.972e-06, 0, 0, 0, 0.000367455, 1.993e-06, 0.000372664, 
1.957e-06, 0.00444716, 0, 0, 0.000274869, 1.852e-06, 0.00027884, 
2.593e-06, 0, 0, 0, 0.000387534, 2.268e-06, 0.000392808, 
1.695e-06, 0, 0, 0, 0.000259196, 1.463e-06, 0.000262591, 
2.389e-06, 0, 0, 0, 0.000292935, 2.504e-06, 0.0002981, 
1.827e-06, 0, 0, 0, 0.000278597, 2.049e-06, 0.000282765, 
1.751e-06, 0, 0, 0, 0.000256025, 1.537e-06, 0.000259473, 
2.988e-06, 0, 0, 0, 0.000380403, 2.571e-06, 0.000386225, 
2.213e-06, 0, 0, 0, 0.000360682, 1.101e-05, 0.00037422, 
2.575e-06, 0, 0, 0, 0.000359514, 2.565e-06, 0.00036498, 
2.265e-06, 0, 0, 0, 0.000270073, 1.1294e-05, 0.000283916, 
3.098e-06, 0, 0, 0, 0.00040323, 2.97e-06, 0.0004096, 
1.933e-06, 0, 0, 0, 0.00031759, 2.805e-06, 0.000322591, 
2.46e-06, 0.0163042, 0, 0, 0.000435932, 2.036e-06, 0.000440718, 
3.366e-06, 0, 0, 0, 0.000470628, 2.52e-06, 0.000476853, 
2.794e-06, 0, 0, 0, 0.000473163, 2.223e-06, 0.000478524, 
2.293e-06, 0, 0, 0, 0.000368953, 1.946e-06, 0.00037345, 
2.417e-06, 0, 0, 0, 0.000372555, 2.995e-06, 0.000378232, 
2.248e-06, 0, 0, 0, 0.000349672, 1.497e-06, 0.000353638, 
1.875e-06, 0, 0, 0, 0.000277657, 1.726e-06, 0.000281506, 
3.746e-06, 0, 0, 0, 0.000349872, 2.082e-06, 0.00035598, 
1.939e-06, 0.0045728, 0, 0, 0.000277602, 1.671e-06, 0.000281404, 
2.188e-06, 0, 0, 0, 0.000347246, 1.2718e-05, 0.000362414, 
2.042e-06, 0, 0, 0, 0.000272455, 1.845e-06, 0.000276518, 
4.749e-06, 0, 0, 0, 0.000746834, 5.459e-06, 0.000757624, 
2.768e-06, 0, 0, 0, 0.00039388, 1.973e-06, 0.000398966, 
2.832e-06, 0, 0, 0, 0.000421984, 2.265e-06, 0.000427467, 
4.387e-06, 0, 0, 0, 0.000389347, 3.379e-06, 0.00039748, 
2.249e-06, 0, 0, 0, 0.000351735, 1.889e-06, 0.000356159, 
1.667e-06, 0, 0, 0, 0.000305802, 1.634e-06, 0.000309355, 
1.0249e-05, 0, 0, 0, 0.000402123, 1.6734e-05, 0.000429416, 
2.187e-06, 0, 0, 0, 0.000284182, 1.68e-06, 0.000288228, 
1.351e-06, 0, 0, 0, 0.000317796, 1.115e-06, 0.000320462, 
1.935e-06, 0.0158513, 0, 0, 0.000359584, 1.444e-06, 0.000363169, 
4.444e-06, 0, 0, 0, 0.000482955, 3.032e-06, 0.000490893, 
4.348e-06, 0, 0, 0, 0.000830806, 3.322e-06, 0.000839058, 
3.171e-06, 0, 0, 0, 0.000606742, 2.244e-06, 0.000612601, 
4.608e-06, 0, 0, 0, 0.0003925, 3.474e-06, 0.000401113, 
3.901e-06, 0, 0, 0, 0.000330698, 1.5261e-05, 0.000350522, 
3.376e-06, 0, 0, 0, 0.000404067, 2.688e-06, 0.000410547, 
3.922e-06, 0, 0, 0, 0.000403964, 3.73e-06, 0.000412066, 
2.892e-06, 0, 0, 0, 0.000311419, 3.282e-06, 0.000317972, 
2.366e-06, 0, 0, 0, 0.000359856, 2.415e-06, 0.000364947, 
2.336e-06, 0, 0, 0, 0.000392475, 6.871e-06, 0.000402215, 
2.726e-06, 0, 0, 0, 0.000389892, 1.7456e-05, 0.000410417, 
2.531e-06, 0, 0, 0, 0.000568011, 2.834e-06, 0.000573987, 
2.36e-06, 0.0170938, 0, 0, 0.000405734, 2.661e-06, 0.000411159, 
2.566e-06, 0, 0, 0, 0.000465859, 2.83e-06, 0.000471772, 
2.159e-06, 0, 0, 0, 0.000361278, 2.051e-06, 0.000365788, 
4.11e-06, 0, 0, 0, 0.000596018, 2.666e-06, 0.000603185, 
2.396e-06, 0, 0, 0, 0.000289026, 1.845e-06, 0.000293638, 
3.184e-06, 0, 0, 0, 0.000402197, 3.026e-06, 0.00040877, 
1.749e-06, 0.00483602, 0, 0, 0.000255927, 1.346e-06, 0.000259265, 
2.25e-06, 0, 0, 0, 0.000279401, 2.214e-06, 0.000284181, 
1.861e-06, 0, 0, 0, 0.000298031, 2.911e-06, 0.000303143, 
2.536e-06, 0, 0, 0, 0.000393178, 2.113e-06, 0.000398128, 
1.961e-06, 0, 0, 0, 0.000258604, 1.1344e-05, 0.00027219, 
3.474e-06, 0, 0, 0, 0.000380596, 2.876e-06, 0.000387245, 
1.853e-06, 0, 0, 0, 0.000344743, 1.0611e-05, 0.000357499, 
1.1053e-05, 0, 0, 0, 0.000488803, 2.123e-06, 0.000502285, 
2.21e-06, 0, 0, 0, 0.000275683, 1.1765e-05, 0.000289908, 
1.98e-06, 0, 0, 0, 0.000277993, 1.804e-06, 0.000282034, 
3.662e-06, 0.0156095, 0, 0, 0.000576647, 2.495e-06, 0.00058325, 
2.698e-06, 0, 0, 0, 0.000429783, 1.5226e-05, 0.000448062, 
2.828e-06, 0, 0, 0, 0.000418422, 1.4737e-05, 0.000436613, 
3.038e-06, 0, 0, 0, 0.00053483, 4.067e-06, 0.000542632, 
1.895e-06, 0, 0, 0, 0.000301379, 2.385e-06, 0.000305994, 
2.96e-06, 0, 0, 0, 0.000408249, 2.73e-06, 0.000414588, 
1.951e-06, 0, 0, 0, 0.000255339, 1.614e-06, 0.000259138, 
2.746e-06, 0, 0, 0, 0.000430422, 2.502e-06, 0.000436023, 
2.93e-06, 0, 0, 0, 0.000392686, 2.578e-06, 0.000398618, 
2.216e-06, 0, 0, 0, 0.000266501, 1.0569e-05, 0.000279536, 
1.984e-06, 0, 0, 0, 0.000259701, 2.119e-06, 0.00026398, 
2.526e-06, 0, 0, 0, 0.000265999, 9.424e-06, 0.000278382, 
2.21e-06, 0.016201, 0, 0, 0.000431172, 2.189e-06, 0.000436188, 
3.9e-06, 0, 0, 0, 0.000674317, 2.977e-06, 0.000681703, 
2.745e-06, 0, 0, 0, 0.000450182, 1.934e-06, 0.000455143, 
4.16e-06, 0, 0, 0, 0.000409412, 2.973e-06, 0.000416934, 
2.763e-06, 0, 0, 0, 0.000375481, 2.397e-06, 0.000380952, 
1.956e-06, 0, 0, 0, 0.000350872, 2.023e-06, 0.000355355, 
3.719e-06, 0, 0, 0, 0.000271688, 1.814e-06, 0.000277474, 
2.68e-06, 0, 0, 0, 0.00031679, 2.512e-06, 0.000322248, 
1.804e-06, 0.00410969, 0, 0, 0.000268563, 1.954e-06, 0.000272518, 
2.514e-06, 0, 0, 0, 0.000313983, 2.124e-06, 0.000318877, 
4.053e-06, 0, 0, 0, 0.000512327, 1.9805e-05, 0.000536579, 
4.156e-06, 0, 0, 0, 0.000605334, 3.691e-06, 0.000613676, 
4.355e-06, 0, 0, 0, 0.000775428, 2.689e-06, 0.00078304, 
4.843e-06, 0, 0, 0, 0.000690362, 8.9974e-05, 0.000786451, 
3.242e-06, 0, 0, 0, 0.00043845, 3.307e-06, 0.00044565, 
2.39e-06, 0, 0, 0, 0.000412317, 3.699e-06, 0.000418988, 
3.118e-06, 0, 0, 0, 0.000370915, 2.0373e-05, 0.000394721, 
2.521e-06, 0, 0, 0, 0.000366578, 2.152e-06, 0.000371573, 
1.766e-06, 0, 0, 0, 0.000269597, 1.812e-06, 0.000273409, 
1.845e-06, 0, 0, 0, 0.000261489, 8.62e-06, 0.00027213, 
2.351e-06, 0, 0, 0, 0.00027292, 1.0601e-05, 0.000286078, 
2.329e-06, 0.0154308, 0, 0, 0.000376028, 2.78e-06, 0.000381552, 
2.56e-06, 0, 0, 0, 0.000439678, 1.731e-06, 0.000444249, 
2.76e-06, 0, 0, 0, 0.000388791, 2.604e-06, 0.000394526, 
2.481e-06, 0, 0, 0, 0.000387617, 2.467e-06, 0.000393084, 
1.989e-06, 0, 0, 0, 0.000281378, 1.223e-06, 0.000284796, 
5.511e-06, 0, 0, 0, 0.000394821, 3.204e-06, 0.000403855, 
2.344e-06, 0, 0, 0, 0.000309218, 2.4e-06, 0.000314273, 
1.613e-06, 0.00656099, 0, 0, 0.000281167, 2.088e-06, 0.000285129, 
2.777e-06, 0, 0, 0, 0.000360946, 2.253e-06, 0.000366341, 
3.032e-06, 0, 0, 0, 0.000386784, 2.012e-06, 0.000393345, 
4.011e-06, 0, 0, 0, 0.000733066, 2.677e-06, 0.000740298, 
3.171e-06, 0, 0, 0, 0.000586916, 2.643e-06, 0.000593125, 
3.345e-06, 0, 0, 0, 0.00052352, 3.439e-06, 0.000531177, 
2.691e-06, 0, 0, 0, 0.000442416, 2.179e-06, 0.000447731, 
2.466e-06, 0, 0, 0, 0.000349684, 1.78e-06, 0.000354213, 
2.818e-06, 0, 0, 0, 0.000373524, 1.6877e-05, 0.00039357, 
1.721e-06, 0, 0, 0, 0.00026694, 1.2804e-05, 0.000281713, 
1.83e-06, 0, 0, 0, 0.000267515, 2.326e-06, 0.000271867, 
2.633e-06, 0.015816, 0, 0, 0.000278674, 1.654e-05, 0.000298053, 
2.105e-06, 0, 0, 0, 0.000262587, 2.308e-06, 0.000267325, 
2.525e-06, 0, 0, 0, 0.0003926, 2.598e-06, 0.000398091, 
1.977e-06, 0, 0, 0, 0.000267569, 2.428e-06, 0.000272591, 
3.295e-06, 0, 0, 0, 0.000320362, 3.326e-06, 0.000327304, 
2.438e-06, 0, 0, 0, 0.000297985, 2.6e-06, 0.000303526, 
2.28e-06, 0, 0, 0, 0.00034464, 1.37e-06, 0.00034859, 
1.953e-06, 0, 0, 0, 0.000293275, 1.976e-06, 0.000297775, 
2.793e-06, 0, 0, 0, 0.000513267, 3.251e-06, 0.00051976, 
1.699e-06, 0.00442254, 0, 0, 0.000257414, 1.819e-06, 0.000261199, 
4.173e-06, 0, 0, 0, 0.00082444, 3.543e-06, 0.000833214, 
3.368e-06, 0, 0, 0, 0.000488047, 3.499e-06, 0.000495452, 
4.661e-06, 0, 0, 0, 0.000557985, 4.513e-06, 0.000567638, 
3.911e-06, 0, 0, 0, 0.000666277, 3.12e-06, 0.000673815, 
3.771e-06, 0, 0, 0, 0.000568162, 2.992e-06, 0.00057529, 
2.572e-06, 0, 0, 0, 0.000386782, 1.954e-06, 0.00039161, 
2.338e-06, 0, 0, 0, 0.000362185, 2.214e-06, 0.000367062, 
3.143e-06, 0, 0, 0, 0.000367813, 2.442e-06, 0.000373678, 
2.902e-06, 0, 0, 0, 0.000305328, 1.1006e-05, 0.000319635, 
2.512e-06, 0, 0, 0, 0.000378023, 1.883e-06, 0.000382697, 
2.376e-06, 0, 0, 0, 0.000305109, 1.725e-06, 0.000309461, 
4.901e-06, 0.015996, 0, 0, 0.000730521, 3.264e-06, 0.00073922, 
3.757e-06, 0, 0, 0, 0.000655691, 3.192e-06, 0.000663077, 
3.164e-06, 0, 0, 0, 0.000642997, 2.358e-06, 0.000649005, 
3.376e-06, 0, 0, 0, 0.000502058, 2.2592e-05, 0.000528409, 
3.03e-06, 0, 0, 0, 0.00037758, 2.294e-06, 0.000383178, 
3.445e-06, 0, 0, 0, 0.00041611, 3.023e-06, 0.000423105, 
3.861e-06, 0, 0, 0, 0.000386831, 3.151e-06, 0.00039428, 
3.518e-06, 0, 0, 0, 0.000330288, 2.868e-06, 0.000337098, 
2.833e-06, 0, 0, 0, 0.000368377, 2.421e-06, 0.000374065, 
6.181e-06, 0, 0, 0, 0.000720435, 3.958e-06, 0.000731317, 
1.631e-06, 0, 0, 0, 0.000293466, 2.338e-06, 0.000297706, 
2.646e-06, 0.0167477, 0, 0, 0.000399668, 2.085e-06, 0.000404697, 
2.719e-06, 0, 0, 0, 0.000342331, 2.315e-06, 0.000347683, 
2.49e-06, 0, 0, 0, 0.00039098, 2.565e-06, 0.000396465, 
2.6e-06, 0, 0, 0, 0.000352869, 1.384e-06, 0.000357149, 
2.014e-06, 0, 0, 0, 0.000327368, 2.156e-06, 0.000331922, 
3.045e-06, 0, 0, 0, 0.000395643, 3.789e-06, 0.00040344, 
2.259e-06, 0, 0, 0, 0.000286695, 1.2333e-05, 0.00030154, 
2.006e-06, 0.00532891, 0, 0, 0.000256994, 1.0853e-05, 0.000270119, 
1.754e-06, 0, 0, 0, 0.000266505, 1.262e-06, 0.000269765, 
3.725e-06, 0, 0, 0, 0.000460739, 1.6185e-05, 0.000481099, 
5.361e-06, 0, 0, 0, 0.000838927, 3.128e-06, 0.000848128, 
3.736e-06, 0, 0, 0, 0.000718229, 2.565e-06, 0.000725128, 
4.502e-06, 0, 0, 0, 0.000667721, 2.979e-06, 0.000675855, 
1.773e-06, 0, 0, 0, 0.000288598, 1.532e-06, 0.000292248, 
2.21e-06, 0, 0, 0, 0.000364499, 1.898e-06, 0.00036893, 
2.87e-06, 0, 0, 0, 0.00037585, 2.611e-06, 0.000381797, 
1.995e-06, 0, 0, 0, 0.00027704, 2.292e-06, 0.000281626, 
2.007e-06, 0, 0, 0, 0.000259049, 1.3431e-05, 0.000274734, 
2.299e-06, 0, 0, 0, 0.000328133, 2.754e-06, 0.000333426, 
2.437e-06, 0.0156291, 0, 0, 0.000509877, 2.967e-06, 0.000515686, 
3.164e-06, 0, 0, 0, 0.000425169, 2.447e-06, 0.000431204, 
1.758e-06, 0, 0, 0, 0.000262187, 1.711e-06, 0.00026599, 
5.907e-06, 0, 0, 0, 0.000267802, 2.081e-06, 0.000276025, 
1.943e-06, 0, 0, 0, 0.000358379, 1.969e-06, 0.000362516, 
2.594e-06, 0, 0, 0, 0.000394165, 2.381e-06, 0.000399545, 
2.758e-06, 0, 0, 0, 0.000371887, 1.8475e-05, 0.000393437, 
2.256e-06, 0, 0, 0, 0.00027778, 1.306e-05, 0.000293393, 
1.818e-06, 0.00495343, 0, 0, 0.000334876, 1.298e-06, 0.000338177, 
1.677e-06, 0, 0, 0, 0.000263519, 1.423e-06, 0.000266808, 
2.35e-06, 0, 0, 0, 0.000338204, 2.951e-06, 0.000343827, 
2.471e-06, 0, 0, 0, 0.000397525, 4.959e-06, 0.000405348, 
3.557e-06, 0, 0, 0, 0.000578866, 2.851e-06, 0.000585769, 
3.261e-06, 0, 0, 0, 0.000473756, 2.679e-06, 0.000480074, 
2.341e-06, 0, 0, 0, 0.000386505, 2.356e-06, 0.000391534, 
2.139e-06, 0, 0, 0, 0.000355346, 1.522e-06, 0.000359303, 
2.411e-06, 0, 0, 0, 0.000268098, 1.777e-06, 0.000272517, 
1.98e-06, 0, 0, 0, 0.000260893, 1.1121e-05, 0.000274247, 
1.74e-06, 0, 0, 0, 0.000303292, 1.548e-06, 0.000306832, 
1.456e-06, 0.0162931, 0, 0, 0.000253639, 1.425e-06, 0.000256674, 
2.311e-06, 0, 0, 0, 0.000267905, 1.0448e-05, 0.000280954, 
2.482e-06, 0, 0, 0, 0.000384661, 2.295e-06, 0.000389762, 
3.867e-06, 0, 0, 0, 0.000566511, 2.314e-06, 0.000573151, 
3.344e-06, 0, 0, 0, 0.000419482, 1.4626e-05, 0.00043781, 
2.838e-06, 0, 0, 0, 0.000441421, 1.5257e-05, 0.000459887, 
2.795e-06, 0, 0, 0, 0.000420506, 1.848e-06, 0.000425614, 
2.706e-06, 0, 0, 0, 0.000270779, 1.839e-06, 0.00027565, 
2.019e-06, 0, 0, 0, 0.000295919, 2.263e-06, 0.000300548, 
2.056e-06, 0, 0, 0, 0.000259742, 1.1374e-05, 0.000273439, 
3.349e-06, 0, 0, 0, 0.000598221, 2.333e-06, 0.000604395, 
3.187e-06, 0.0156421, 0, 0, 0.000564422, 3.579e-06, 0.000571668, 
4.58e-06, 0, 0, 0, 0.000697841, 4.689e-06, 0.000707917, 
2.602e-06, 0, 0, 0, 0.000502727, 2.362e-06, 0.000508052, 
3.672e-06, 0, 0, 0, 0.000310206, 2.424e-06, 0.000316573, 
2.552e-06, 0, 0, 0, 0.000384434, 1.924e-06, 0.000389391, 
1.908e-06, 0, 0, 0, 0.000566197, 1.659e-06, 0.000570104, 
2.928e-06, 0, 0, 0, 0.000446054, 1.497e-05, 0.000464406, 
2.094e-06, 0, 0, 0, 0.000264378, 2.058e-06, 0.000269032, 
2.2e-06, 0, 0, 0, 0.000274257, 1.738e-06, 0.000278428, 
1.91e-06, 0.0048122, 0, 0, 0.000261566, 1.96e-06, 0.000265592, 
3.482e-06, 0, 0, 0, 0.000321106, 3.997e-06, 0.000328854, 
3.27e-06, 0, 0, 0, 0.000478498, 2.323e-06, 0.000484457, 
2.946e-06, 0, 0, 0, 0.000388992, 1.843e-06, 0.000394087, 
3.175e-06, 0, 0, 0, 0.000416491, 1.9597e-05, 0.00043975, 
2.289e-06, 0, 0, 0, 0.000358287, 2.073e-06, 0.000362875, 
1.894e-06, 0, 0, 0, 0.000288443, 1.0509e-05, 0.000301042, 
3.374e-06, 0, 0, 0, 0.000390275, 3.299e-06, 0.000397238, 
1.607e-06, 0, 0, 0, 0.000267704, 1.757e-06, 0.000271247, 
2.138e-06, 0.0158254, 0, 0, 0.000340815, 2.093e-06, 0.000345281, 
2.247e-06, 0, 0, 0, 0.000325549, 2.406e-06, 0.000330465, 
3.59e-06, 0, 0, 0, 0.000289222, 2.027e-06, 0.00029509, 
3.334e-06, 0, 0, 0, 0.000528668, 2.802e-06, 0.000535418, 
3.731e-06, 0, 0, 0, 0.000487945, 2.29e-06, 0.000494339, 
3.517e-06, 0, 0, 0, 0.0004538, 3.717e-06, 0.000461743, 
2.157e-06, 0, 0, 0, 0.000349707, 1.591e-06, 0.000353751, 
1.907e-06, 0, 0, 0, 0.00034996, 1.826e-06, 0.000354015, 
2.376e-06, 0, 0, 0, 0.000282067, 2.16e-06, 0.0002869, 
2.428e-06, 0, 0, 0, 0.000297243, 2.163e-06, 0.000302177, 
1.815e-06, 0, 0, 0, 0.00026767, 1.471e-06, 0.000271142, 
2.676e-06, 0.0156324, 0, 0, 0.000430219, 1.784e-06, 0.000434968, 
2.208e-06, 0, 0, 0, 0.000266567, 3.043e-06, 0.000272089, 
3.373e-06, 0, 0, 0, 0.000397562, 2.397e-06, 0.000403694, 
2.748e-06, 0, 0, 0, 0.000301962, 1.1687e-05, 0.000316647, 
2.385e-06, 0, 0, 0, 0.000363204, 4.1374e-05, 0.000407711, 
2.185e-06, 0, 0, 0, 0.00037258, 2.142e-06, 0.000377238, 
2.359e-06, 0, 0, 0, 0.000357131, 1.2677e-05, 0.00037245, 
3.778e-06, 0, 0, 0, 0.000390937, 1.5219e-05, 0.000410402, 
2.511e-06, 0, 0, 0, 0.000413297, 2.615e-06, 0.000418864, 
2.158e-06, 0.00479638, 0, 0, 0.000257354, 1.722e-06, 0.000261408, 
1.928e-06, 0, 0, 0, 0.000355519, 1.2871e-05, 0.000370571, 
4.187e-06, 0, 0, 0, 0.000597483, 3.233e-06, 0.000605408, 
4.596e-06, 0, 0, 0, 0.000789391, 3.174e-06, 0.000797777, 
3.517e-06, 0, 0, 0, 0.000615885, 2.074e-06, 0.000621911, 
3.214e-06, 0, 0, 0, 0.000561182, 2.856e-06, 0.000567621, 
3.079e-06, 0, 0, 0, 0.000390807, 1.2785e-05, 0.000406954, 
3.759e-06, 0, 0, 0, 0.000470332, 3.63e-06, 0.000477998, 
3.567e-06, 0, 0, 0, 0.00046473, 7.217e-06, 0.000480254, 
2.073e-06, 0, 0, 0, 0.000362332, 2.427e-06, 0.000367024, 
2.468e-06, 0, 0, 0, 0.000372873, 2.473e-06, 0.000378065, 
3.081e-06, 0, 0, 0, 0.000461903, 3.597e-06, 0.000468831, 
2.351e-06, 0, 0, 0, 0.000268598, 1.562e-06, 0.000272767, 
2.536e-06, 0.017649, 0, 0, 0.000396233, 2.708e-06, 0.000401787, 
2.258e-06, 0, 0, 0, 0.000426241, 2.093e-06, 0.000430908, 
2.472e-06, 0, 0, 0, 0.000392459, 2.352e-06, 0.000397553, 
2.259e-06, 0, 0, 0, 0.000365395, 2.113e-06, 0.000370052, 
2.555e-06, 0, 0, 0, 0.000410837, 2.073e-06, 0.00041578, 
2.705e-06, 0, 0, 0, 0.000391024, 2.201e-06, 0.000396331, 
2.099e-06, 0, 0, 0, 0.000296173, 1.983e-06, 0.000300521, 
1.838e-06, 0.00474508, 0, 0, 0.000259973, 1.562e-06, 0.000263549, 
2.124e-06, 0, 0, 0, 0.00035126, 1.2839e-05, 0.000366571, 
5.377e-06, 0, 0, 0, 0.00105782, 3.657e-06, 0.0010673, 
2.525e-06, 0, 0, 0, 0.000403474, 2.389e-06, 0.000408785, 
2.583e-06, 0, 0, 0, 0.000374041, 1.3256e-05, 0.000390182, 
2.103e-06, 0, 0, 0, 0.000273339, 1.46e-06, 0.0002772, 
2.307e-06, 0, 0, 0, 0.000350044, 2.111e-06, 0.000354776, 
1.634e-06, 0, 0, 0, 0.000287875, 1.468e-06, 0.000291258, 
3.01e-06, 0, 0, 0, 0.000283388, 7.7549e-05, 0.000367225, 
1.819e-06, 0, 0, 0, 0.000270181, 9.337e-06, 0.000281563, 
1.971e-06, 0.015576, 0, 0, 0.000260813, 1.823e-06, 0.000264803, 
1.479e-06, 0, 0, 0, 0.000264107, 1.435e-06, 0.000267178, 
2.297e-06, 0, 0, 0, 0.000285581, 1.983e-06, 0.000290089, 
2.372e-06, 0, 0, 0, 0.000400627, 2.163e-06, 0.000405502, 
2.069e-06, 0, 0, 0, 0.000373637, 1.7e-06, 0.000377633, 
2.897e-06, 0, 0, 0, 0.000382759, 3.128e-06, 0.000389163, 
2.069e-06, 0, 0, 0, 0.000348586, 1.992e-06, 0.000352931, 
1.64e-06, 0, 0, 0, 0.000316693, 2.067e-06, 0.000320634, 
2.1539e-05, 0, 0, 0, 0.000400612, 1.6128e-05, 0.000441109, 
3.094e-06, 0, 0, 0, 0.000411863, 2.637e-06, 0.000417921, 
5.284e-06, 0, 0, 0, 0.000255598, 2.05e-06, 0.000263103, 
5.429e-06, 0.0158602, 0, 0, 0.000349144, 1.1441e-05, 0.000366254, 
4.32e-06, 0, 0, 0, 0.000672876, 2.729e-06, 0.000680382, 
4.931e-06, 0, 0, 0, 0.000906795, 3.622e-06, 0.000916069, 
3.204e-06, 0, 0, 0, 0.000641088, 2.448e-06, 0.00064727, 
3.326e-06, 0, 0, 0, 0.000513071, 2.7417e-05, 0.000544336, 
2.058e-06, 0, 0, 0, 0.000334368, 2.677e-06, 0.000339452, 
2.053e-06, 0, 0, 0, 0.000400268, 1.642e-06, 0.00040424, 
3.2e-06, 0, 0, 0, 0.000486142, 3.096e-06, 0.00049301, 
2.521e-06, 0, 0, 0, 0.000275013, 1.372e-06, 0.000279376, 
1.848e-06, 0, 0, 0, 0.000274487, 2.268e-06, 0.000278846, 
2.284e-06, 0, 0, 0, 0.000305023, 1.886e-06, 0.000309399, 
2.524e-06, 0.0159105, 0, 0, 0.000341661, 2.375e-06, 0.000346861, 
4.441e-06, 0, 0, 0, 0.00066345, 3.717e-06, 0.00067213, 
3.017e-06, 0, 0, 0, 0.000520914, 1.858e-06, 0.000526182, 
3.901e-06, 0, 0, 0, 0.000388068, 1.4864e-05, 0.000407261, 
2.227e-06, 0, 0, 0, 0.000360538, 1.617e-06, 0.00036459, 
2.092e-06, 0, 0, 0, 0.000414263, 3.05e-06, 0.000419836, 
2.745e-06, 0, 0, 0, 0.00035842, 2.244e-06, 0.000363749, 
2.01e-06, 0, 0, 0, 0.000272642, 1.698e-06, 0.000276613, 
3.483e-06, 0, 0, 0, 0.000319686, 1.422e-05, 0.000337674, 
2.148e-06, 0, 0, 0, 0.000263369, 2.301e-06, 0.00026811, 
2.653e-06, 0, 0, 0, 0.000323523, 2.706e-06, 0.000329198, 
2.135e-06, 0, 0, 0, 0.000260485, 1.683e-06, 0.000264592, 
2.32e-06, 0, 0, 0, 0.000245308, 1.7e-06, 0.000249587, 
2.312e-06, 0, 0, 0, 0.000269217, 2.205e-06, 0.000274004, 
2.999e-06, 0, 0, 0, 0.000365878, 1.2167e-05, 0.000381306, 
2.278e-06, 0, 0, 0, 0.00026939, 2.376e-06, 0.000274294, 
4.05e-06, 0, 0, 0, 0.000368522, 3.466e-06, 0.000376327, 
2.858e-06, 0, 0, 0, 0.000368691, 2.396e-06, 0.000374288, 
2.488e-06, 0, 0, 0, 0.000382269, 1.971e-06, 0.000387072, 
2.889e-06, 0, 0, 0, 0.000357023, 2.439e-06, 0.000362673, 
3.409e-06, 0, 0, 0, 0.000414336, 2.569e-06, 0.000420728, 
3.211e-06, 0, 0, 0, 0.00042907, 1.806e-06, 0.00043447, 
3.089e-06, 0, 0, 0, 0.000435263, 1.985e-06, 0.000440679, 
1.3695e-05, 0, 0, 0, 0.000599907, 2.547e-06, 0.000616621, 
2.601e-06, 0, 0, 0, 0.00041325, 2.104e-06, 0.000418297, 
3.445e-06, 0, 0, 0, 0.000443109, 2.563e-06, 0.000449575, 
3.676e-06, 0, 0, 0, 0.000450459, 2.737e-06, 0.000457183, 
2.84e-06, 0, 0, 0, 0.000361612, 2.098e-06, 0.000366885, 
2.887e-06, 0, 0, 0, 0.000434424, 2.206e-06, 0.000439917, 
2.892e-06, 0, 0, 0, 0.000341845, 2.196e-06, 0.000347231, 
3.827e-06, 0, 0, 0, 0.000458622, 2.949e-06, 0.000465708, 
3.782e-06, 0, 0, 0, 0.000474924, 3.1e-06, 0.000482116, 
3.437e-06, 0, 0, 0, 0.000444667, 2.354e-06, 0.00045079, 
3.43e-06, 0, 0, 0, 0.000382675, 1.724e-06, 0.000388069, 
3.792e-06, 0, 0, 0, 0.000492332, 3.081e-06, 0.00049969, 
3.572e-06, 0, 0, 0, 0.000397502, 2.734e-06, 0.000404129, 
4.281e-06, 0, 0, 0, 0.00056837, 3.094e-06, 0.000576082, 
2.769e-06, 0, 0, 0, 0.000428821, 2.015e-06, 0.000433933, 
2.701e-06, 0, 0, 0, 0.000451976, 2.768e-06, 0.000457852, 
2.875e-06, 0, 0, 0, 0.00046838, 2.454e-06, 0.000474051, 
3.181e-06, 0, 0, 0, 0.000425232, 2.029e-06, 0.000430756, 
2.681e-06, 0, 0, 0, 0.000300751, 1.664e-06, 0.000305684, 
2.908e-06, 0, 0, 0, 0.000261894, 1.993e-06, 0.000267031, 
2.67e-06, 0, 0, 0, 0.000265401, 2.216e-06, 0.000270516, 
1.639e-06, 0, 0, 0, 0.000242609, 1.539e-06, 0.000245952, 
2.624e-06, 0, 0, 0, 0.000269221, 1.704e-06, 0.000274041, 
9.205e-06, 0, 0, 0, 0.00026706, 2.45e-06, 0.00027906, 
2.208e-06, 0, 0, 0, 0.000280699, 2.04e-06, 0.000285177, 
2.362e-06, 0, 0, 0, 0.000286708, 1.581e-06, 0.00029089, 
1.466e-06, 0, 0, 0, 0.000242927, 9.39e-07, 0.00024551, 
3.221e-06, 0, 0, 0, 0.000260345, 1.506e-06, 0.000265324, 
2.552e-06, 0, 0, 0, 0.000255531, 1.64e-06, 0.000259889, 
1.603e-06, 0, 0, 0, 0.000251213, 1.128e-06, 0.000254176, 
2.782e-06, 0, 0, 0, 0.0002775, 1.915e-06, 0.000282425, 
3.428e-06, 0, 0, 0, 0.000260743, 1.662e-06, 0.000266072, 
